id,anchor,positive,negative
1,1_01.mp4,1_02.mp4,12_13.mp4
1,1_01.mp4,1_03.mp4,8_20.mp4
1,1_01.mp4,1_04.mp4,13_12.mp4
1,1_01.mp4,1_05.mp4,10_20.mp4
1,1_01.mp4,1_06.mp4,6_01.mp4
1,1_01.mp4,1_07.mp4,9_14.mp4
1,1_01.mp4,1_08.mp4,14_07.mp4
1,1_01.mp4,1_09.mp4,6_16.mp4
1,1_01.mp4,1_10.mp4,3_03.mp4
1,1_01.mp4,1_11.mp4,12_17.mp4
1,1_01.mp4,1_12.mp4,8_18.mp4
1,1_01.mp4,1_13.mp4,13_06.mp4
1,1_01.mp4,1_14.mp4,13_17.mp4
1,1_01.mp4,1_15.mp4,7_19.mp4
1,1_01.mp4,1_16.mp4,5_11.mp4
1,1_01.mp4,1_17.mp4,1_17.mp4
1,1_01.mp4,1_18.mp4,12_02.mp4
1,1_01.mp4,1_19.mp4,5_13.mp4
1,1_01.mp4,1_20.mp4,1_19.mp4
1,1_02.mp4,1_03.mp4,7_11.mp4
1,1_02.mp4,1_04.mp4,14_05.mp4
1,1_02.mp4,1_05.mp4,10_17.mp4
1,1_02.mp4,1_06.mp4,8_19.mp4
1,1_02.mp4,1_07.mp4,11_18.mp4
1,1_02.mp4,1_08.mp4,6_14.mp4
1,1_02.mp4,1_09.mp4,11_20.mp4
1,1_02.mp4,1_10.mp4,14_13.mp4
1,1_02.mp4,1_11.mp4,3_12.mp4
1,1_02.mp4,1_12.mp4,13_11.mp4
1,1_02.mp4,1_13.mp4,12_10.mp4
1,1_02.mp4,1_14.mp4,12_19.mp4
1,1_02.mp4,1_15.mp4,11_06.mp4
1,1_02.mp4,1_16.mp4,7_12.mp4
1,1_02.mp4,1_17.mp4,6_12.mp4
1,1_02.mp4,1_18.mp4,6_04.mp4
1,1_02.mp4,1_19.mp4,7_12.mp4
1,1_02.mp4,1_20.mp4,13_03.mp4
1,1_03.mp4,1_04.mp4,8_04.mp4
1,1_03.mp4,1_05.mp4,4_05.mp4
1,1_03.mp4,1_06.mp4,13_02.mp4
1,1_03.mp4,1_07.mp4,8_18.mp4
1,1_03.mp4,1_08.mp4,12_02.mp4
1,1_03.mp4,1_09.mp4,9_19.mp4
1,1_03.mp4,1_10.mp4,13_08.mp4
1,1_03.mp4,1_11.mp4,1_06.mp4
1,1_03.mp4,1_12.mp4,4_17.mp4
1,1_03.mp4,1_13.mp4,12_18.mp4
1,1_03.mp4,1_14.mp4,11_10.mp4
1,1_03.mp4,1_15.mp4,13_03.mp4
1,1_03.mp4,1_16.mp4,13_12.mp4
1,1_03.mp4,1_17.mp4,14_07.mp4
1,1_03.mp4,1_18.mp4,1_05.mp4
1,1_03.mp4,1_19.mp4,5_20.mp4
1,1_03.mp4,1_20.mp4,13_09.mp4
1,1_04.mp4,1_05.mp4,6_16.mp4
1,1_04.mp4,1_06.mp4,10_17.mp4
1,1_04.mp4,1_07.mp4,4_03.mp4
1,1_04.mp4,1_08.mp4,8_04.mp4
1,1_04.mp4,1_09.mp4,5_02.mp4
1,1_04.mp4,1_10.mp4,10_08.mp4
1,1_04.mp4,1_11.mp4,1_03.mp4
1,1_04.mp4,1_12.mp4,3_05.mp4
1,1_04.mp4,1_13.mp4,11_04.mp4
1,1_04.mp4,1_14.mp4,11_20.mp4
1,1_04.mp4,1_15.mp4,3_13.mp4
1,1_04.mp4,1_16.mp4,15_05.mp4
1,1_04.mp4,1_17.mp4,10_18.mp4
1,1_04.mp4,1_18.mp4,2_03.mp4
1,1_04.mp4,1_19.mp4,3_05.mp4
1,1_04.mp4,1_20.mp4,9_17.mp4
1,1_05.mp4,1_06.mp4,15_03.mp4
1,1_05.mp4,1_07.mp4,14_19.mp4
1,1_05.mp4,1_08.mp4,9_15.mp4
1,1_05.mp4,1_09.mp4,11_10.mp4
1,1_05.mp4,1_10.mp4,14_13.mp4
1,1_05.mp4,1_11.mp4,14_13.mp4
1,1_05.mp4,1_12.mp4,5_12.mp4
1,1_05.mp4,1_13.mp4,1_05.mp4
1,1_05.mp4,1_14.mp4,10_18.mp4
1,1_05.mp4,1_15.mp4,15_09.mp4
1,1_05.mp4,1_16.mp4,10_20.mp4
1,1_05.mp4,1_17.mp4,11_04.mp4
1,1_05.mp4,1_18.mp4,2_06.mp4
1,1_05.mp4,1_19.mp4,10_01.mp4
1,1_05.mp4,1_20.mp4,10_12.mp4
1,1_06.mp4,1_07.mp4,4_08.mp4
1,1_06.mp4,1_08.mp4,4_01.mp4
1,1_06.mp4,1_09.mp4,8_06.mp4
1,1_06.mp4,1_10.mp4,6_13.mp4
1,1_06.mp4,1_11.mp4,7_01.mp4
1,1_06.mp4,1_12.mp4,15_13.mp4
1,1_06.mp4,1_13.mp4,5_15.mp4
1,1_06.mp4,1_14.mp4,15_04.mp4
1,1_06.mp4,1_15.mp4,12_15.mp4
1,1_06.mp4,1_16.mp4,11_09.mp4
1,1_06.mp4,1_17.mp4,5_11.mp4
1,1_06.mp4,1_18.mp4,13_01.mp4
1,1_06.mp4,1_19.mp4,1_12.mp4
1,1_06.mp4,1_20.mp4,9_11.mp4
1,1_07.mp4,1_08.mp4,3_06.mp4
1,1_07.mp4,1_09.mp4,14_16.mp4
1,1_07.mp4,1_10.mp4,14_18.mp4
1,1_07.mp4,1_11.mp4,10_19.mp4
1,1_07.mp4,1_12.mp4,8_03.mp4
1,1_07.mp4,1_13.mp4,8_19.mp4
1,1_07.mp4,1_14.mp4,9_16.mp4
1,1_07.mp4,1_15.mp4,8_16.mp4
1,1_07.mp4,1_16.mp4,9_01.mp4
1,1_07.mp4,1_17.mp4,11_19.mp4
1,1_07.mp4,1_18.mp4,8_14.mp4
1,1_07.mp4,1_19.mp4,1_03.mp4
1,1_07.mp4,1_20.mp4,1_11.mp4
1,1_08.mp4,1_09.mp4,4_03.mp4
1,1_08.mp4,1_10.mp4,10_01.mp4
1,1_08.mp4,1_11.mp4,10_15.mp4
1,1_08.mp4,1_12.mp4,14_01.mp4
1,1_08.mp4,1_13.mp4,4_13.mp4
1,1_08.mp4,1_14.mp4,8_01.mp4
1,1_08.mp4,1_15.mp4,13_03.mp4
1,1_08.mp4,1_16.mp4,14_02.mp4
1,1_08.mp4,1_17.mp4,3_11.mp4
1,1_08.mp4,1_18.mp4,8_01.mp4
1,1_08.mp4,1_19.mp4,9_15.mp4
1,1_08.mp4,1_20.mp4,3_08.mp4
1,1_09.mp4,1_10.mp4,2_14.mp4
1,1_09.mp4,1_11.mp4,6_17.mp4
1,1_09.mp4,1_12.mp4,12_02.mp4
1,1_09.mp4,1_13.mp4,11_08.mp4
1,1_09.mp4,1_14.mp4,7_09.mp4
1,1_09.mp4,1_15.mp4,9_01.mp4
1,1_09.mp4,1_16.mp4,6_11.mp4
1,1_09.mp4,1_17.mp4,13_05.mp4
1,1_09.mp4,1_18.mp4,4_09.mp4
1,1_09.mp4,1_19.mp4,3_18.mp4
1,1_09.mp4,1_20.mp4,6_01.mp4
1,1_10.mp4,1_11.mp4,7_14.mp4
1,1_10.mp4,1_12.mp4,13_13.mp4
1,1_10.mp4,1_13.mp4,5_13.mp4
1,1_10.mp4,1_14.mp4,9_14.mp4
1,1_10.mp4,1_15.mp4,9_15.mp4
1,1_10.mp4,1_16.mp4,9_17.mp4
1,1_10.mp4,1_17.mp4,13_13.mp4
1,1_10.mp4,1_18.mp4,10_08.mp4
1,1_10.mp4,1_19.mp4,10_13.mp4
1,1_10.mp4,1_20.mp4,2_20.mp4
1,1_11.mp4,1_12.mp4,15_13.mp4
1,1_11.mp4,1_13.mp4,14_16.mp4
1,1_11.mp4,1_14.mp4,8_02.mp4
1,1_11.mp4,1_15.mp4,10_01.mp4
1,1_11.mp4,1_16.mp4,15_04.mp4
1,1_11.mp4,1_17.mp4,8_19.mp4
1,1_11.mp4,1_18.mp4,15_20.mp4
1,1_11.mp4,1_19.mp4,11_02.mp4
1,1_11.mp4,1_20.mp4,7_03.mp4
1,1_12.mp4,1_13.mp4,5_08.mp4
1,1_12.mp4,1_14.mp4,3_20.mp4
1,1_12.mp4,1_15.mp4,13_07.mp4
1,1_12.mp4,1_16.mp4,10_05.mp4
1,1_12.mp4,1_17.mp4,5_15.mp4
1,1_12.mp4,1_18.mp4,3_03.mp4
1,1_12.mp4,1_19.mp4,7_10.mp4
1,1_12.mp4,1_20.mp4,10_06.mp4
1,1_13.mp4,1_14.mp4,2_08.mp4
1,1_13.mp4,1_15.mp4,8_03.mp4
1,1_13.mp4,1_16.mp4,6_14.mp4
1,1_13.mp4,1_17.mp4,5_12.mp4
1,1_13.mp4,1_18.mp4,7_01.mp4
1,1_13.mp4,1_19.mp4,3_07.mp4
1,1_13.mp4,1_20.mp4,7_16.mp4
1,1_14.mp4,1_15.mp4,6_04.mp4
1,1_14.mp4,1_16.mp4,10_17.mp4
1,1_14.mp4,1_17.mp4,14_13.mp4
1,1_14.mp4,1_18.mp4,14_17.mp4
1,1_14.mp4,1_19.mp4,6_18.mp4
1,1_14.mp4,1_20.mp4,1_16.mp4
1,1_15.mp4,1_16.mp4,7_17.mp4
1,1_15.mp4,1_17.mp4,13_09.mp4
1,1_15.mp4,1_18.mp4,11_19.mp4
1,1_15.mp4,1_19.mp4,14_12.mp4
1,1_15.mp4,1_20.mp4,2_07.mp4
1,1_16.mp4,1_17.mp4,3_03.mp4
1,1_16.mp4,1_18.mp4,3_02.mp4
1,1_16.mp4,1_19.mp4,10_10.mp4
1,1_16.mp4,1_20.mp4,9_16.mp4
1,1_17.mp4,1_18.mp4,2_03.mp4
1,1_17.mp4,1_19.mp4,8_15.mp4
1,1_17.mp4,1_20.mp4,2_17.mp4
1,1_18.mp4,1_19.mp4,5_18.mp4
1,1_18.mp4,1_20.mp4,9_05.mp4
1,1_19.mp4,1_20.mp4,8_08.mp4
10,10_01.mp4,10_02.mp4,12_09.mp4
10,10_01.mp4,10_03.mp4,6_19.mp4
10,10_01.mp4,10_04.mp4,1_06.mp4
10,10_01.mp4,10_05.mp4,12_09.mp4
10,10_01.mp4,10_06.mp4,14_18.mp4
10,10_01.mp4,10_07.mp4,5_06.mp4
10,10_01.mp4,10_08.mp4,3_19.mp4
10,10_01.mp4,10_09.mp4,14_07.mp4
10,10_01.mp4,10_10.mp4,11_08.mp4
10,10_01.mp4,10_11.mp4,15_20.mp4
10,10_01.mp4,10_12.mp4,12_07.mp4
10,10_01.mp4,10_13.mp4,8_03.mp4
10,10_01.mp4,10_14.mp4,11_20.mp4
10,10_01.mp4,10_15.mp4,7_08.mp4
10,10_01.mp4,10_16.mp4,3_17.mp4
10,10_01.mp4,10_17.mp4,12_01.mp4
10,10_01.mp4,10_18.mp4,10_13.mp4
10,10_01.mp4,10_19.mp4,8_17.mp4
10,10_01.mp4,10_20.mp4,2_06.mp4
10,10_02.mp4,10_03.mp4,14_13.mp4
10,10_02.mp4,10_04.mp4,14_13.mp4
10,10_02.mp4,10_05.mp4,11_04.mp4
10,10_02.mp4,10_06.mp4,8_15.mp4
10,10_02.mp4,10_07.mp4,7_03.mp4
10,10_02.mp4,10_08.mp4,1_14.mp4
10,10_02.mp4,10_09.mp4,14_12.mp4
10,10_02.mp4,10_10.mp4,15_01.mp4
10,10_02.mp4,10_11.mp4,6_12.mp4
10,10_02.mp4,10_12.mp4,9_13.mp4
10,10_02.mp4,10_13.mp4,3_01.mp4
10,10_02.mp4,10_14.mp4,2_10.mp4
10,10_02.mp4,10_15.mp4,9_16.mp4
10,10_02.mp4,10_16.mp4,8_02.mp4
10,10_02.mp4,10_17.mp4,14_12.mp4
10,10_02.mp4,10_18.mp4,15_14.mp4
10,10_02.mp4,10_19.mp4,1_15.mp4
10,10_02.mp4,10_20.mp4,12_04.mp4
10,10_03.mp4,10_04.mp4,11_08.mp4
10,10_03.mp4,10_05.mp4,2_11.mp4
10,10_03.mp4,10_06.mp4,15_15.mp4
10,10_03.mp4,10_07.mp4,13_12.mp4
10,10_03.mp4,10_08.mp4,9_12.mp4
10,10_03.mp4,10_09.mp4,3_11.mp4
10,10_03.mp4,10_10.mp4,8_03.mp4
10,10_03.mp4,10_11.mp4,8_12.mp4
10,10_03.mp4,10_12.mp4,7_13.mp4
10,10_03.mp4,10_13.mp4,13_09.mp4
10,10_03.mp4,10_14.mp4,7_19.mp4
10,10_03.mp4,10_15.mp4,2_11.mp4
10,10_03.mp4,10_16.mp4,11_06.mp4
10,10_03.mp4,10_17.mp4,10_08.mp4
10,10_03.mp4,10_18.mp4,12_13.mp4
10,10_03.mp4,10_19.mp4,6_17.mp4
10,10_03.mp4,10_20.mp4,4_03.mp4
10,10_04.mp4,10_05.mp4,1_19.mp4
10,10_04.mp4,10_06.mp4,10_10.mp4
10,10_04.mp4,10_07.mp4,4_05.mp4
10,10_04.mp4,10_08.mp4,11_06.mp4
10,10_04.mp4,10_09.mp4,9_14.mp4
10,10_04.mp4,10_10.mp4,10_04.mp4
10,10_04.mp4,10_11.mp4,6_06.mp4
10,10_04.mp4,10_12.mp4,11_14.mp4
10,10_04.mp4,10_13.mp4,13_08.mp4
10,10_04.mp4,10_14.mp4,5_05.mp4
10,10_04.mp4,10_15.mp4,9_06.mp4
10,10_04.mp4,10_16.mp4,12_20.mp4
10,10_04.mp4,10_17.mp4,12_15.mp4
10,10_04.mp4,10_18.mp4,3_01.mp4
10,10_04.mp4,10_19.mp4,3_13.mp4
10,10_04.mp4,10_20.mp4,15_05.mp4
10,10_05.mp4,10_06.mp4,12_19.mp4
10,10_05.mp4,10_07.mp4,2_03.mp4
10,10_05.mp4,10_08.mp4,6_12.mp4
10,10_05.mp4,10_09.mp4,3_10.mp4
10,10_05.mp4,10_10.mp4,2_18.mp4
10,10_05.mp4,10_11.mp4,2_19.mp4
10,10_05.mp4,10_12.mp4,10_09.mp4
10,10_05.mp4,10_13.mp4,6_08.mp4
10,10_05.mp4,10_14.mp4,3_13.mp4
10,10_05.mp4,10_15.mp4,3_13.mp4
10,10_05.mp4,10_16.mp4,7_12.mp4
10,10_05.mp4,10_17.mp4,14_05.mp4
10,10_05.mp4,10_18.mp4,12_06.mp4
10,10_05.mp4,10_19.mp4,2_19.mp4
10,10_05.mp4,10_20.mp4,14_03.mp4
10,10_06.mp4,10_07.mp4,6_09.mp4
10,10_06.mp4,10_08.mp4,4_14.mp4
10,10_06.mp4,10_09.mp4,6_04.mp4
10,10_06.mp4,10_10.mp4,5_18.mp4
10,10_06.mp4,10_11.mp4,10_19.mp4
10,10_06.mp4,10_12.mp4,4_02.mp4
10,10_06.mp4,10_13.mp4,11_01.mp4
10,10_06.mp4,10_14.mp4,2_03.mp4
10,10_06.mp4,10_15.mp4,7_04.mp4
10,10_06.mp4,10_16.mp4,1_19.mp4
10,10_06.mp4,10_17.mp4,1_03.mp4
10,10_06.mp4,10_18.mp4,10_13.mp4
10,10_06.mp4,10_19.mp4,4_05.mp4
10,10_06.mp4,10_20.mp4,7_13.mp4
10,10_07.mp4,10_08.mp4,5_08.mp4
10,10_07.mp4,10_09.mp4,5_12.mp4
10,10_07.mp4,10_10.mp4,4_20.mp4
10,10_07.mp4,10_11.mp4,11_07.mp4
10,10_07.mp4,10_12.mp4,7_19.mp4
10,10_07.mp4,10_13.mp4,15_05.mp4
10,10_07.mp4,10_14.mp4,15_19.mp4
10,10_07.mp4,10_15.mp4,10_09.mp4
10,10_07.mp4,10_16.mp4,9_01.mp4
10,10_07.mp4,10_17.mp4,15_17.mp4
10,10_07.mp4,10_18.mp4,3_04.mp4
10,10_07.mp4,10_19.mp4,10_19.mp4
10,10_07.mp4,10_20.mp4,4_09.mp4
10,10_08.mp4,10_09.mp4,1_16.mp4
10,10_08.mp4,10_10.mp4,15_03.mp4
10,10_08.mp4,10_11.mp4,3_10.mp4
10,10_08.mp4,10_12.mp4,3_09.mp4
10,10_08.mp4,10_13.mp4,8_18.mp4
10,10_08.mp4,10_14.mp4,11_15.mp4
10,10_08.mp4,10_15.mp4,11_18.mp4
10,10_08.mp4,10_16.mp4,11_15.mp4
10,10_08.mp4,10_17.mp4,13_14.mp4
10,10_08.mp4,10_18.mp4,4_08.mp4
10,10_08.mp4,10_19.mp4,6_17.mp4
10,10_08.mp4,10_20.mp4,13_17.mp4
10,10_09.mp4,10_10.mp4,1_01.mp4
10,10_09.mp4,10_11.mp4,15_06.mp4
10,10_09.mp4,10_12.mp4,12_03.mp4
10,10_09.mp4,10_13.mp4,13_06.mp4
10,10_09.mp4,10_14.mp4,11_06.mp4
10,10_09.mp4,10_15.mp4,3_06.mp4
10,10_09.mp4,10_16.mp4,1_13.mp4
10,10_09.mp4,10_17.mp4,2_11.mp4
10,10_09.mp4,10_18.mp4,4_18.mp4
10,10_09.mp4,10_19.mp4,7_08.mp4
10,10_09.mp4,10_20.mp4,12_02.mp4
10,10_10.mp4,10_11.mp4,7_07.mp4
10,10_10.mp4,10_12.mp4,7_08.mp4
10,10_10.mp4,10_13.mp4,8_18.mp4
10,10_10.mp4,10_14.mp4,11_02.mp4
10,10_10.mp4,10_15.mp4,15_02.mp4
10,10_10.mp4,10_16.mp4,12_09.mp4
10,10_10.mp4,10_17.mp4,11_16.mp4
10,10_10.mp4,10_18.mp4,2_20.mp4
10,10_10.mp4,10_19.mp4,11_01.mp4
10,10_10.mp4,10_20.mp4,4_18.mp4
10,10_11.mp4,10_12.mp4,13_09.mp4
10,10_11.mp4,10_13.mp4,8_01.mp4
10,10_11.mp4,10_14.mp4,14_18.mp4
10,10_11.mp4,10_15.mp4,11_14.mp4
10,10_11.mp4,10_16.mp4,3_03.mp4
10,10_11.mp4,10_17.mp4,10_03.mp4
10,10_11.mp4,10_18.mp4,6_12.mp4
10,10_11.mp4,10_19.mp4,9_03.mp4
10,10_11.mp4,10_20.mp4,13_02.mp4
10,10_12.mp4,10_13.mp4,15_18.mp4
10,10_12.mp4,10_14.mp4,4_02.mp4
10,10_12.mp4,10_15.mp4,3_19.mp4
10,10_12.mp4,10_16.mp4,12_15.mp4
10,10_12.mp4,10_17.mp4,12_12.mp4
10,10_12.mp4,10_18.mp4,2_14.mp4
10,10_12.mp4,10_19.mp4,7_10.mp4
10,10_12.mp4,10_20.mp4,10_15.mp4
10,10_13.mp4,10_14.mp4,5_13.mp4
10,10_13.mp4,10_15.mp4,9_03.mp4
10,10_13.mp4,10_16.mp4,8_01.mp4
10,10_13.mp4,10_17.mp4,13_20.mp4
10,10_13.mp4,10_18.mp4,15_07.mp4
10,10_13.mp4,10_19.mp4,13_01.mp4
10,10_13.mp4,10_20.mp4,5_11.mp4
10,10_14.mp4,10_15.mp4,6_14.mp4
10,10_14.mp4,10_16.mp4,6_06.mp4
10,10_14.mp4,10_17.mp4,5_16.mp4
10,10_14.mp4,10_18.mp4,13_02.mp4
10,10_14.mp4,10_19.mp4,12_19.mp4
10,10_14.mp4,10_20.mp4,8_01.mp4
10,10_15.mp4,10_16.mp4,8_20.mp4
10,10_15.mp4,10_17.mp4,6_10.mp4
10,10_15.mp4,10_18.mp4,3_07.mp4
10,10_15.mp4,10_19.mp4,5_09.mp4
10,10_15.mp4,10_20.mp4,13_17.mp4
10,10_16.mp4,10_17.mp4,8_07.mp4
10,10_16.mp4,10_18.mp4,15_09.mp4
10,10_16.mp4,10_19.mp4,11_09.mp4
10,10_16.mp4,10_20.mp4,13_06.mp4
10,10_17.mp4,10_18.mp4,11_12.mp4
10,10_17.mp4,10_19.mp4,9_10.mp4
10,10_17.mp4,10_20.mp4,12_04.mp4
10,10_18.mp4,10_19.mp4,7_16.mp4
10,10_18.mp4,10_20.mp4,8_06.mp4
10,10_19.mp4,10_20.mp4,4_02.mp4
11,11_01.mp4,11_02.mp4,1_20.mp4
11,11_01.mp4,11_03.mp4,11_08.mp4
11,11_01.mp4,11_04.mp4,1_07.mp4
11,11_01.mp4,11_05.mp4,13_15.mp4
11,11_01.mp4,11_06.mp4,15_08.mp4
11,11_01.mp4,11_07.mp4,12_13.mp4
11,11_01.mp4,11_08.mp4,8_06.mp4
11,11_01.mp4,11_09.mp4,7_20.mp4
11,11_01.mp4,11_10.mp4,14_20.mp4
11,11_01.mp4,11_11.mp4,8_17.mp4
11,11_01.mp4,11_12.mp4,8_13.mp4
11,11_01.mp4,11_13.mp4,13_05.mp4
11,11_01.mp4,11_14.mp4,1_13.mp4
11,11_01.mp4,11_15.mp4,15_03.mp4
11,11_01.mp4,11_16.mp4,13_08.mp4
11,11_01.mp4,11_17.mp4,12_03.mp4
11,11_01.mp4,11_18.mp4,2_05.mp4
11,11_01.mp4,11_19.mp4,1_20.mp4
11,11_01.mp4,11_20.mp4,1_10.mp4
11,11_02.mp4,11_03.mp4,10_14.mp4
11,11_02.mp4,11_04.mp4,12_09.mp4
11,11_02.mp4,11_05.mp4,13_14.mp4
11,11_02.mp4,11_06.mp4,12_05.mp4
11,11_02.mp4,11_07.mp4,15_08.mp4
11,11_02.mp4,11_08.mp4,11_09.mp4
11,11_02.mp4,11_09.mp4,9_09.mp4
11,11_02.mp4,11_10.mp4,15_19.mp4
11,11_02.mp4,11_11.mp4,4_09.mp4
11,11_02.mp4,11_12.mp4,15_09.mp4
11,11_02.mp4,11_13.mp4,3_10.mp4
11,11_02.mp4,11_14.mp4,10_06.mp4
11,11_02.mp4,11_15.mp4,4_02.mp4
11,11_02.mp4,11_16.mp4,9_17.mp4
11,11_02.mp4,11_17.mp4,14_02.mp4
11,11_02.mp4,11_18.mp4,13_14.mp4
11,11_02.mp4,11_19.mp4,13_20.mp4
11,11_02.mp4,11_20.mp4,10_06.mp4
11,11_03.mp4,11_04.mp4,12_11.mp4
11,11_03.mp4,11_05.mp4,9_18.mp4
11,11_03.mp4,11_06.mp4,10_15.mp4
11,11_03.mp4,11_07.mp4,14_18.mp4
11,11_03.mp4,11_08.mp4,9_02.mp4
11,11_03.mp4,11_09.mp4,5_09.mp4
11,11_03.mp4,11_10.mp4,8_12.mp4
11,11_03.mp4,11_11.mp4,2_14.mp4
11,11_03.mp4,11_12.mp4,15_03.mp4
11,11_03.mp4,11_13.mp4,11_17.mp4
11,11_03.mp4,11_14.mp4,9_03.mp4
11,11_03.mp4,11_15.mp4,10_19.mp4
11,11_03.mp4,11_16.mp4,11_15.mp4
11,11_03.mp4,11_17.mp4,10_02.mp4
11,11_03.mp4,11_18.mp4,12_01.mp4
11,11_03.mp4,11_19.mp4,14_12.mp4
11,11_03.mp4,11_20.mp4,10_09.mp4
11,11_04.mp4,11_05.mp4,15_02.mp4
11,11_04.mp4,11_06.mp4,15_11.mp4
11,11_04.mp4,11_07.mp4,8_08.mp4
11,11_04.mp4,11_08.mp4,10_13.mp4
11,11_04.mp4,11_09.mp4,1_18.mp4
11,11_04.mp4,11_10.mp4,6_14.mp4
11,11_04.mp4,11_11.mp4,14_12.mp4
11,11_04.mp4,11_12.mp4,15_08.mp4
11,11_04.mp4,11_13.mp4,1_02.mp4
11,11_04.mp4,11_14.mp4,1_17.mp4
11,11_04.mp4,11_15.mp4,10_11.mp4
11,11_04.mp4,11_16.mp4,1_01.mp4
11,11_04.mp4,11_17.mp4,2_03.mp4
11,11_04.mp4,11_18.mp4,14_15.mp4
11,11_04.mp4,11_19.mp4,3_10.mp4
11,11_04.mp4,11_20.mp4,15_06.mp4
11,11_05.mp4,11_06.mp4,6_16.mp4
11,11_05.mp4,11_07.mp4,9_13.mp4
11,11_05.mp4,11_08.mp4,2_13.mp4
11,11_05.mp4,11_09.mp4,13_18.mp4
11,11_05.mp4,11_10.mp4,7_06.mp4
11,11_05.mp4,11_11.mp4,1_07.mp4
11,11_05.mp4,11_12.mp4,2_15.mp4
11,11_05.mp4,11_13.mp4,3_04.mp4
11,11_05.mp4,11_14.mp4,7_17.mp4
11,11_05.mp4,11_15.mp4,12_06.mp4
11,11_05.mp4,11_16.mp4,9_20.mp4
11,11_05.mp4,11_17.mp4,3_02.mp4
11,11_05.mp4,11_18.mp4,9_05.mp4
11,11_05.mp4,11_19.mp4,11_05.mp4
11,11_05.mp4,11_20.mp4,8_04.mp4
11,11_06.mp4,11_07.mp4,5_12.mp4
11,11_06.mp4,11_08.mp4,13_07.mp4
11,11_06.mp4,11_09.mp4,3_12.mp4
11,11_06.mp4,11_10.mp4,12_15.mp4
11,11_06.mp4,11_11.mp4,4_13.mp4
11,11_06.mp4,11_12.mp4,15_08.mp4
11,11_06.mp4,11_13.mp4,1_10.mp4
11,11_06.mp4,11_14.mp4,9_09.mp4
11,11_06.mp4,11_15.mp4,8_11.mp4
11,11_06.mp4,11_16.mp4,2_09.mp4
11,11_06.mp4,11_17.mp4,12_02.mp4
11,11_06.mp4,11_18.mp4,10_05.mp4
11,11_06.mp4,11_19.mp4,14_03.mp4
11,11_06.mp4,11_20.mp4,8_14.mp4
11,11_07.mp4,11_08.mp4,13_08.mp4
11,11_07.mp4,11_09.mp4,12_09.mp4
11,11_07.mp4,11_10.mp4,10_20.mp4
11,11_07.mp4,11_11.mp4,6_02.mp4
11,11_07.mp4,11_12.mp4,3_09.mp4
11,11_07.mp4,11_13.mp4,1_04.mp4
11,11_07.mp4,11_14.mp4,12_13.mp4
11,11_07.mp4,11_15.mp4,14_12.mp4
11,11_07.mp4,11_16.mp4,14_13.mp4
11,11_07.mp4,11_17.mp4,12_09.mp4
11,11_07.mp4,11_18.mp4,8_17.mp4
11,11_07.mp4,11_19.mp4,9_19.mp4
11,11_07.mp4,11_20.mp4,9_16.mp4
11,11_08.mp4,11_09.mp4,1_19.mp4
11,11_08.mp4,11_10.mp4,15_02.mp4
11,11_08.mp4,11_11.mp4,4_04.mp4
11,11_08.mp4,11_12.mp4,8_18.mp4
11,11_08.mp4,11_13.mp4,3_07.mp4
11,11_08.mp4,11_14.mp4,15_17.mp4
11,11_08.mp4,11_15.mp4,12_10.mp4
11,11_08.mp4,11_16.mp4,8_07.mp4
11,11_08.mp4,11_17.mp4,3_08.mp4
11,11_08.mp4,11_18.mp4,1_13.mp4
11,11_08.mp4,11_19.mp4,15_13.mp4
11,11_08.mp4,11_20.mp4,12_02.mp4
11,11_09.mp4,11_10.mp4,10_19.mp4
11,11_09.mp4,11_11.mp4,14_13.mp4
11,11_09.mp4,11_12.mp4,7_14.mp4
11,11_09.mp4,11_13.mp4,3_04.mp4
11,11_09.mp4,11_14.mp4,11_11.mp4
11,11_09.mp4,11_15.mp4,13_06.mp4
11,11_09.mp4,11_16.mp4,12_07.mp4
11,11_09.mp4,11_17.mp4,11_05.mp4
11,11_09.mp4,11_18.mp4,14_11.mp4
11,11_09.mp4,11_19.mp4,1_08.mp4
11,11_09.mp4,11_20.mp4,13_01.mp4
11,11_10.mp4,11_11.mp4,15_19.mp4
11,11_10.mp4,11_12.mp4,15_04.mp4
11,11_10.mp4,11_13.mp4,9_18.mp4
11,11_10.mp4,11_14.mp4,12_09.mp4
11,11_10.mp4,11_15.mp4,2_17.mp4
11,11_10.mp4,11_16.mp4,11_07.mp4
11,11_10.mp4,11_17.mp4,12_16.mp4
11,11_10.mp4,11_18.mp4,3_19.mp4
11,11_10.mp4,11_19.mp4,11_13.mp4
11,11_10.mp4,11_20.mp4,12_05.mp4
11,11_11.mp4,11_12.mp4,5_17.mp4
11,11_11.mp4,11_13.mp4,12_01.mp4
11,11_11.mp4,11_14.mp4,7_03.mp4
11,11_11.mp4,11_15.mp4,5_16.mp4
11,11_11.mp4,11_16.mp4,15_14.mp4
11,11_11.mp4,11_17.mp4,10_03.mp4
11,11_11.mp4,11_18.mp4,13_04.mp4
11,11_11.mp4,11_19.mp4,4_19.mp4
11,11_11.mp4,11_20.mp4,14_13.mp4
11,11_12.mp4,11_13.mp4,13_10.mp4
11,11_12.mp4,11_14.mp4,6_14.mp4
11,11_12.mp4,11_15.mp4,15_11.mp4
11,11_12.mp4,11_16.mp4,8_03.mp4
11,11_12.mp4,11_17.mp4,6_14.mp4
11,11_12.mp4,11_18.mp4,6_08.mp4
11,11_12.mp4,11_19.mp4,15_18.mp4
11,11_12.mp4,11_20.mp4,4_14.mp4
11,11_13.mp4,11_14.mp4,13_08.mp4
11,11_13.mp4,11_15.mp4,5_04.mp4
11,11_13.mp4,11_16.mp4,12_02.mp4
11,11_13.mp4,11_17.mp4,7_05.mp4
11,11_13.mp4,11_18.mp4,4_05.mp4
11,11_13.mp4,11_19.mp4,10_02.mp4
11,11_13.mp4,11_20.mp4,4_09.mp4
11,11_14.mp4,11_15.mp4,5_05.mp4
11,11_14.mp4,11_16.mp4,15_01.mp4
11,11_14.mp4,11_17.mp4,11_16.mp4
11,11_14.mp4,11_18.mp4,13_03.mp4
11,11_14.mp4,11_19.mp4,11_18.mp4
11,11_14.mp4,11_20.mp4,2_02.mp4
11,11_15.mp4,11_16.mp4,9_15.mp4
11,11_15.mp4,11_17.mp4,4_09.mp4
11,11_15.mp4,11_18.mp4,4_01.mp4
11,11_15.mp4,11_19.mp4,2_04.mp4
11,11_15.mp4,11_20.mp4,2_19.mp4
11,11_16.mp4,11_17.mp4,2_18.mp4
11,11_16.mp4,11_18.mp4,5_13.mp4
11,11_16.mp4,11_19.mp4,14_01.mp4
11,11_16.mp4,11_20.mp4,3_01.mp4
11,11_17.mp4,11_18.mp4,4_13.mp4
11,11_17.mp4,11_19.mp4,5_02.mp4
11,11_17.mp4,11_20.mp4,6_02.mp4
11,11_18.mp4,11_19.mp4,1_10.mp4
11,11_18.mp4,11_20.mp4,14_19.mp4
11,11_19.mp4,11_20.mp4,5_18.mp4
12,12_01.mp4,12_02.mp4,1_04.mp4
12,12_01.mp4,12_03.mp4,8_05.mp4
12,12_01.mp4,12_04.mp4,14_10.mp4
12,12_01.mp4,12_05.mp4,15_08.mp4
12,12_01.mp4,12_06.mp4,9_17.mp4
12,12_01.mp4,12_07.mp4,5_01.mp4
12,12_01.mp4,12_08.mp4,13_05.mp4
12,12_01.mp4,12_09.mp4,8_05.mp4
12,12_01.mp4,12_10.mp4,1_13.mp4
12,12_01.mp4,12_11.mp4,8_13.mp4
12,12_01.mp4,12_12.mp4,13_01.mp4
12,12_01.mp4,12_13.mp4,5_19.mp4
12,12_01.mp4,12_14.mp4,7_19.mp4
12,12_01.mp4,12_15.mp4,7_06.mp4
12,12_01.mp4,12_16.mp4,6_13.mp4
12,12_01.mp4,12_17.mp4,2_07.mp4
12,12_01.mp4,12_18.mp4,3_08.mp4
12,12_01.mp4,12_19.mp4,5_18.mp4
12,12_01.mp4,12_20.mp4,11_20.mp4
12,12_02.mp4,12_03.mp4,5_16.mp4
12,12_02.mp4,12_04.mp4,13_04.mp4
12,12_02.mp4,12_05.mp4,5_12.mp4
12,12_02.mp4,12_06.mp4,12_17.mp4
12,12_02.mp4,12_07.mp4,4_08.mp4
12,12_02.mp4,12_08.mp4,10_17.mp4
12,12_02.mp4,12_09.mp4,11_10.mp4
12,12_02.mp4,12_10.mp4,10_09.mp4
12,12_02.mp4,12_11.mp4,15_20.mp4
12,12_02.mp4,12_12.mp4,12_17.mp4
12,12_02.mp4,12_13.mp4,12_11.mp4
12,12_02.mp4,12_14.mp4,6_10.mp4
12,12_02.mp4,12_15.mp4,11_14.mp4
12,12_02.mp4,12_16.mp4,12_10.mp4
12,12_02.mp4,12_17.mp4,3_17.mp4
12,12_02.mp4,12_18.mp4,13_01.mp4
12,12_02.mp4,12_19.mp4,6_03.mp4
12,12_02.mp4,12_20.mp4,4_01.mp4
12,12_03.mp4,12_04.mp4,6_19.mp4
12,12_03.mp4,12_05.mp4,12_20.mp4
12,12_03.mp4,12_06.mp4,7_05.mp4
12,12_03.mp4,12_07.mp4,1_13.mp4
12,12_03.mp4,12_08.mp4,13_12.mp4
12,12_03.mp4,12_09.mp4,6_11.mp4
12,12_03.mp4,12_10.mp4,4_19.mp4
12,12_03.mp4,12_11.mp4,8_10.mp4
12,12_03.mp4,12_12.mp4,5_03.mp4
12,12_03.mp4,12_13.mp4,9_19.mp4
12,12_03.mp4,12_14.mp4,8_06.mp4
12,12_03.mp4,12_15.mp4,7_19.mp4
12,12_03.mp4,12_16.mp4,5_19.mp4
12,12_03.mp4,12_17.mp4,3_15.mp4
12,12_03.mp4,12_18.mp4,10_07.mp4
12,12_03.mp4,12_19.mp4,3_17.mp4
12,12_03.mp4,12_20.mp4,1_04.mp4
12,12_04.mp4,12_05.mp4,3_14.mp4
12,12_04.mp4,12_06.mp4,13_11.mp4
12,12_04.mp4,12_07.mp4,3_07.mp4
12,12_04.mp4,12_08.mp4,3_11.mp4
12,12_04.mp4,12_09.mp4,6_20.mp4
12,12_04.mp4,12_10.mp4,8_19.mp4
12,12_04.mp4,12_11.mp4,2_11.mp4
12,12_04.mp4,12_12.mp4,12_19.mp4
12,12_04.mp4,12_13.mp4,13_08.mp4
12,12_04.mp4,12_14.mp4,6_10.mp4
12,12_04.mp4,12_15.mp4,13_09.mp4
12,12_04.mp4,12_16.mp4,12_08.mp4
12,12_04.mp4,12_17.mp4,2_01.mp4
12,12_04.mp4,12_18.mp4,3_20.mp4
12,12_04.mp4,12_19.mp4,14_09.mp4
12,12_04.mp4,12_20.mp4,13_06.mp4
12,12_05.mp4,12_06.mp4,7_06.mp4
12,12_05.mp4,12_07.mp4,7_12.mp4
12,12_05.mp4,12_08.mp4,4_06.mp4
12,12_05.mp4,12_09.mp4,9_13.mp4
12,12_05.mp4,12_10.mp4,5_02.mp4
12,12_05.mp4,12_11.mp4,12_09.mp4
12,12_05.mp4,12_12.mp4,11_13.mp4
12,12_05.mp4,12_13.mp4,5_18.mp4
12,12_05.mp4,12_14.mp4,4_13.mp4
12,12_05.mp4,12_15.mp4,8_07.mp4
12,12_05.mp4,12_16.mp4,3_10.mp4
12,12_05.mp4,12_17.mp4,9_10.mp4
12,12_05.mp4,12_18.mp4,4_02.mp4
12,12_05.mp4,12_19.mp4,14_06.mp4
12,12_05.mp4,12_20.mp4,12_05.mp4
12,12_06.mp4,12_07.mp4,8_12.mp4
12,12_06.mp4,12_08.mp4,2_01.mp4
12,12_06.mp4,12_09.mp4,8_12.mp4
12,12_06.mp4,12_10.mp4,3_08.mp4
12,12_06.mp4,12_11.mp4,11_03.mp4
12,12_06.mp4,12_12.mp4,2_17.mp4
12,12_06.mp4,12_13.mp4,15_15.mp4
12,12_06.mp4,12_14.mp4,6_11.mp4
12,12_06.mp4,12_15.mp4,12_08.mp4
12,12_06.mp4,12_16.mp4,15_14.mp4
12,12_06.mp4,12_17.mp4,8_01.mp4
12,12_06.mp4,12_18.mp4,4_11.mp4
12,12_06.mp4,12_19.mp4,3_15.mp4
12,12_06.mp4,12_20.mp4,2_18.mp4
12,12_07.mp4,12_08.mp4,11_15.mp4
12,12_07.mp4,12_09.mp4,15_04.mp4
12,12_07.mp4,12_10.mp4,15_03.mp4
12,12_07.mp4,12_11.mp4,4_01.mp4
12,12_07.mp4,12_12.mp4,10_02.mp4
12,12_07.mp4,12_13.mp4,1_02.mp4
12,12_07.mp4,12_14.mp4,9_12.mp4
12,12_07.mp4,12_15.mp4,1_13.mp4
12,12_07.mp4,12_16.mp4,14_14.mp4
12,12_07.mp4,12_17.mp4,1_01.mp4
12,12_07.mp4,12_18.mp4,4_10.mp4
12,12_07.mp4,12_19.mp4,7_07.mp4
12,12_07.mp4,12_20.mp4,11_19.mp4
12,12_08.mp4,12_09.mp4,3_05.mp4
12,12_08.mp4,12_10.mp4,8_02.mp4
12,12_08.mp4,12_11.mp4,10_01.mp4
12,12_08.mp4,12_12.mp4,6_08.mp4
12,12_08.mp4,12_13.mp4,5_06.mp4
12,12_08.mp4,12_14.mp4,1_03.mp4
12,12_08.mp4,12_15.mp4,12_16.mp4
12,12_08.mp4,12_16.mp4,12_13.mp4
12,12_08.mp4,12_17.mp4,14_10.mp4
12,12_08.mp4,12_18.mp4,13_10.mp4
12,12_08.mp4,12_19.mp4,14_07.mp4
12,12_08.mp4,12_20.mp4,8_20.mp4
12,12_09.mp4,12_10.mp4,11_08.mp4
12,12_09.mp4,12_11.mp4,7_17.mp4
12,12_09.mp4,12_12.mp4,3_11.mp4
12,12_09.mp4,12_13.mp4,15_09.mp4
12,12_09.mp4,12_14.mp4,6_17.mp4
12,12_09.mp4,12_15.mp4,15_13.mp4
12,12_09.mp4,12_16.mp4,8_07.mp4
12,12_09.mp4,12_17.mp4,1_09.mp4
12,12_09.mp4,12_18.mp4,9_07.mp4
12,12_09.mp4,12_19.mp4,5_01.mp4
12,12_09.mp4,12_20.mp4,7_01.mp4
12,12_10.mp4,12_11.mp4,12_09.mp4
12,12_10.mp4,12_12.mp4,3_05.mp4
12,12_10.mp4,12_13.mp4,7_01.mp4
12,12_10.mp4,12_14.mp4,10_14.mp4
12,12_10.mp4,12_15.mp4,12_02.mp4
12,12_10.mp4,12_16.mp4,12_03.mp4
12,12_10.mp4,12_17.mp4,6_09.mp4
12,12_10.mp4,12_18.mp4,11_04.mp4
12,12_10.mp4,12_19.mp4,2_09.mp4
12,12_10.mp4,12_20.mp4,7_10.mp4
12,12_11.mp4,12_12.mp4,4_01.mp4
12,12_11.mp4,12_13.mp4,12_11.mp4
12,12_11.mp4,12_14.mp4,14_06.mp4
12,12_11.mp4,12_15.mp4,7_12.mp4
12,12_11.mp4,12_16.mp4,3_13.mp4
12,12_11.mp4,12_17.mp4,11_09.mp4
12,12_11.mp4,12_18.mp4,13_15.mp4
12,12_11.mp4,12_19.mp4,2_12.mp4
12,12_11.mp4,12_20.mp4,14_05.mp4
12,12_12.mp4,12_13.mp4,6_01.mp4
12,12_12.mp4,12_14.mp4,1_12.mp4
12,12_12.mp4,12_15.mp4,4_03.mp4
12,12_12.mp4,12_16.mp4,2_18.mp4
12,12_12.mp4,12_17.mp4,11_12.mp4
12,12_12.mp4,12_18.mp4,8_16.mp4
12,12_12.mp4,12_19.mp4,2_07.mp4
12,12_12.mp4,12_20.mp4,6_16.mp4
12,12_13.mp4,12_14.mp4,8_08.mp4
12,12_13.mp4,12_15.mp4,4_16.mp4
12,12_13.mp4,12_16.mp4,12_02.mp4
12,12_13.mp4,12_17.mp4,2_18.mp4
12,12_13.mp4,12_18.mp4,14_07.mp4
12,12_13.mp4,12_19.mp4,6_15.mp4
12,12_13.mp4,12_20.mp4,3_04.mp4
12,12_14.mp4,12_15.mp4,9_19.mp4
12,12_14.mp4,12_16.mp4,10_01.mp4
12,12_14.mp4,12_17.mp4,3_07.mp4
12,12_14.mp4,12_18.mp4,5_16.mp4
12,12_14.mp4,12_19.mp4,15_08.mp4
12,12_14.mp4,12_20.mp4,1_08.mp4
12,12_15.mp4,12_16.mp4,8_18.mp4
12,12_15.mp4,12_17.mp4,1_02.mp4
12,12_15.mp4,12_18.mp4,5_06.mp4
12,12_15.mp4,12_19.mp4,12_18.mp4
12,12_15.mp4,12_20.mp4,5_20.mp4
12,12_16.mp4,12_17.mp4,5_12.mp4
12,12_16.mp4,12_18.mp4,2_09.mp4
12,12_16.mp4,12_19.mp4,15_01.mp4
12,12_16.mp4,12_20.mp4,12_07.mp4
12,12_17.mp4,12_18.mp4,13_02.mp4
12,12_17.mp4,12_19.mp4,1_11.mp4
12,12_17.mp4,12_20.mp4,11_14.mp4
12,12_18.mp4,12_19.mp4,3_03.mp4
12,12_18.mp4,12_20.mp4,3_04.mp4
12,12_19.mp4,12_20.mp4,10_17.mp4
13,13_01.mp4,13_02.mp4,14_15.mp4
13,13_01.mp4,13_03.mp4,3_16.mp4
13,13_01.mp4,13_04.mp4,13_16.mp4
13,13_01.mp4,13_05.mp4,6_16.mp4
13,13_01.mp4,13_06.mp4,13_13.mp4
13,13_01.mp4,13_07.mp4,11_11.mp4
13,13_01.mp4,13_08.mp4,5_08.mp4
13,13_01.mp4,13_09.mp4,2_11.mp4
13,13_01.mp4,13_10.mp4,12_15.mp4
13,13_01.mp4,13_11.mp4,9_14.mp4
13,13_01.mp4,13_12.mp4,7_06.mp4
13,13_01.mp4,13_13.mp4,7_08.mp4
13,13_01.mp4,13_14.mp4,7_13.mp4
13,13_01.mp4,13_15.mp4,15_12.mp4
13,13_01.mp4,13_16.mp4,11_06.mp4
13,13_01.mp4,13_17.mp4,9_01.mp4
13,13_01.mp4,13_18.mp4,7_18.mp4
13,13_01.mp4,13_19.mp4,12_11.mp4
13,13_01.mp4,13_20.mp4,6_17.mp4
13,13_02.mp4,13_03.mp4,1_20.mp4
13,13_02.mp4,13_04.mp4,15_16.mp4
13,13_02.mp4,13_05.mp4,10_08.mp4
13,13_02.mp4,13_06.mp4,8_08.mp4
13,13_02.mp4,13_07.mp4,11_08.mp4
13,13_02.mp4,13_08.mp4,8_13.mp4
13,13_02.mp4,13_09.mp4,14_09.mp4
13,13_02.mp4,13_10.mp4,4_08.mp4
13,13_02.mp4,13_11.mp4,6_11.mp4
13,13_02.mp4,13_12.mp4,4_16.mp4
13,13_02.mp4,13_13.mp4,14_05.mp4
13,13_02.mp4,13_14.mp4,13_15.mp4
13,13_02.mp4,13_15.mp4,4_13.mp4
13,13_02.mp4,13_16.mp4,14_18.mp4
13,13_02.mp4,13_17.mp4,4_19.mp4
13,13_02.mp4,13_18.mp4,3_03.mp4
13,13_02.mp4,13_19.mp4,6_12.mp4
13,13_02.mp4,13_20.mp4,4_12.mp4
13,13_03.mp4,13_04.mp4,2_10.mp4
13,13_03.mp4,13_05.mp4,6_11.mp4
13,13_03.mp4,13_06.mp4,11_01.mp4
13,13_03.mp4,13_07.mp4,10_11.mp4
13,13_03.mp4,13_08.mp4,15_20.mp4
13,13_03.mp4,13_09.mp4,9_12.mp4
13,13_03.mp4,13_10.mp4,15_07.mp4
13,13_03.mp4,13_11.mp4,13_08.mp4
13,13_03.mp4,13_12.mp4,12_17.mp4
13,13_03.mp4,13_13.mp4,2_14.mp4
13,13_03.mp4,13_14.mp4,14_17.mp4
13,13_03.mp4,13_15.mp4,15_14.mp4
13,13_03.mp4,13_16.mp4,12_13.mp4
13,13_03.mp4,13_17.mp4,2_18.mp4
13,13_03.mp4,13_18.mp4,10_04.mp4
13,13_03.mp4,13_19.mp4,1_10.mp4
13,13_03.mp4,13_20.mp4,15_17.mp4
13,13_04.mp4,13_05.mp4,5_12.mp4
13,13_04.mp4,13_06.mp4,7_18.mp4
13,13_04.mp4,13_07.mp4,14_16.mp4
13,13_04.mp4,13_08.mp4,3_16.mp4
13,13_04.mp4,13_09.mp4,6_17.mp4
13,13_04.mp4,13_10.mp4,10_11.mp4
13,13_04.mp4,13_11.mp4,2_18.mp4
13,13_04.mp4,13_12.mp4,8_20.mp4
13,13_04.mp4,13_13.mp4,8_07.mp4
13,13_04.mp4,13_14.mp4,12_03.mp4
13,13_04.mp4,13_15.mp4,15_08.mp4
13,13_04.mp4,13_16.mp4,10_01.mp4
13,13_04.mp4,13_17.mp4,12_13.mp4
13,13_04.mp4,13_18.mp4,12_02.mp4
13,13_04.mp4,13_19.mp4,1_09.mp4
13,13_04.mp4,13_20.mp4,13_17.mp4
13,13_05.mp4,13_06.mp4,11_06.mp4
13,13_05.mp4,13_07.mp4,13_14.mp4
13,13_05.mp4,13_08.mp4,12_12.mp4
13,13_05.mp4,13_09.mp4,1_01.mp4
13,13_05.mp4,13_10.mp4,10_08.mp4
13,13_05.mp4,13_11.mp4,8_13.mp4
13,13_05.mp4,13_12.mp4,3_20.mp4
13,13_05.mp4,13_13.mp4,4_03.mp4
13,13_05.mp4,13_14.mp4,13_19.mp4
13,13_05.mp4,13_15.mp4,12_02.mp4
13,13_05.mp4,13_16.mp4,7_16.mp4
13,13_05.mp4,13_17.mp4,13_18.mp4
13,13_05.mp4,13_18.mp4,4_14.mp4
13,13_05.mp4,13_19.mp4,2_13.mp4
13,13_05.mp4,13_20.mp4,2_19.mp4
13,13_06.mp4,13_07.mp4,4_20.mp4
13,13_06.mp4,13_08.mp4,15_17.mp4
13,13_06.mp4,13_09.mp4,3_18.mp4
13,13_06.mp4,13_10.mp4,1_04.mp4
13,13_06.mp4,13_11.mp4,12_19.mp4
13,13_06.mp4,13_12.mp4,11_10.mp4
13,13_06.mp4,13_13.mp4,1_10.mp4
13,13_06.mp4,13_14.mp4,6_14.mp4
13,13_06.mp4,13_15.mp4,7_14.mp4
13,13_06.mp4,13_16.mp4,4_09.mp4
13,13_06.mp4,13_17.mp4,7_19.mp4
13,13_06.mp4,13_18.mp4,1_05.mp4
13,13_06.mp4,13_19.mp4,2_14.mp4
13,13_06.mp4,13_20.mp4,10_01.mp4
13,13_07.mp4,13_08.mp4,12_18.mp4
13,13_07.mp4,13_09.mp4,14_06.mp4
13,13_07.mp4,13_10.mp4,4_02.mp4
13,13_07.mp4,13_11.mp4,13_02.mp4
13,13_07.mp4,13_12.mp4,5_06.mp4
13,13_07.mp4,13_13.mp4,8_16.mp4
13,13_07.mp4,13_14.mp4,6_06.mp4
13,13_07.mp4,13_15.mp4,12_11.mp4
13,13_07.mp4,13_16.mp4,11_14.mp4
13,13_07.mp4,13_17.mp4,6_15.mp4
13,13_07.mp4,13_18.mp4,3_12.mp4
13,13_07.mp4,13_19.mp4,3_09.mp4
13,13_07.mp4,13_20.mp4,1_10.mp4
13,13_08.mp4,13_09.mp4,5_14.mp4
13,13_08.mp4,13_10.mp4,3_17.mp4
13,13_08.mp4,13_11.mp4,11_20.mp4
13,13_08.mp4,13_12.mp4,13_05.mp4
13,13_08.mp4,13_13.mp4,6_07.mp4
13,13_08.mp4,13_14.mp4,6_10.mp4
13,13_08.mp4,13_15.mp4,14_14.mp4
13,13_08.mp4,13_16.mp4,15_13.mp4
13,13_08.mp4,13_17.mp4,3_12.mp4
13,13_08.mp4,13_18.mp4,12_11.mp4
13,13_08.mp4,13_19.mp4,4_08.mp4
13,13_08.mp4,13_20.mp4,8_02.mp4
13,13_09.mp4,13_10.mp4,6_06.mp4
13,13_09.mp4,13_11.mp4,2_08.mp4
13,13_09.mp4,13_12.mp4,9_07.mp4
13,13_09.mp4,13_13.mp4,5_18.mp4
13,13_09.mp4,13_14.mp4,14_06.mp4
13,13_09.mp4,13_15.mp4,13_02.mp4
13,13_09.mp4,13_16.mp4,14_16.mp4
13,13_09.mp4,13_17.mp4,13_13.mp4
13,13_09.mp4,13_18.mp4,14_19.mp4
13,13_09.mp4,13_19.mp4,5_02.mp4
13,13_09.mp4,13_20.mp4,9_01.mp4
13,13_10.mp4,13_11.mp4,6_08.mp4
13,13_10.mp4,13_12.mp4,8_06.mp4
13,13_10.mp4,13_13.mp4,10_07.mp4
13,13_10.mp4,13_14.mp4,8_08.mp4
13,13_10.mp4,13_15.mp4,8_20.mp4
13,13_10.mp4,13_16.mp4,13_01.mp4
13,13_10.mp4,13_17.mp4,3_01.mp4
13,13_10.mp4,13_18.mp4,11_10.mp4
13,13_10.mp4,13_19.mp4,2_20.mp4
13,13_10.mp4,13_20.mp4,9_10.mp4
13,13_11.mp4,13_12.mp4,11_19.mp4
13,13_11.mp4,13_13.mp4,2_05.mp4
13,13_11.mp4,13_14.mp4,6_09.mp4
13,13_11.mp4,13_15.mp4,10_03.mp4
13,13_11.mp4,13_16.mp4,8_01.mp4
13,13_11.mp4,13_17.mp4,10_20.mp4
13,13_11.mp4,13_18.mp4,11_19.mp4
13,13_11.mp4,13_19.mp4,15_11.mp4
13,13_11.mp4,13_20.mp4,15_13.mp4
13,13_12.mp4,13_13.mp4,13_18.mp4
13,13_12.mp4,13_14.mp4,5_20.mp4
13,13_12.mp4,13_15.mp4,7_06.mp4
13,13_12.mp4,13_16.mp4,15_13.mp4
13,13_12.mp4,13_17.mp4,15_01.mp4
13,13_12.mp4,13_18.mp4,4_07.mp4
13,13_12.mp4,13_19.mp4,8_12.mp4
13,13_12.mp4,13_20.mp4,14_17.mp4
13,13_13.mp4,13_14.mp4,10_13.mp4
13,13_13.mp4,13_15.mp4,4_16.mp4
13,13_13.mp4,13_16.mp4,15_13.mp4
13,13_13.mp4,13_17.mp4,14_01.mp4
13,13_13.mp4,13_18.mp4,5_11.mp4
13,13_13.mp4,13_19.mp4,14_01.mp4
13,13_13.mp4,13_20.mp4,10_12.mp4
13,13_14.mp4,13_15.mp4,8_11.mp4
13,13_14.mp4,13_16.mp4,5_15.mp4
13,13_14.mp4,13_17.mp4,9_09.mp4
13,13_14.mp4,13_18.mp4,11_19.mp4
13,13_14.mp4,13_19.mp4,15_18.mp4
13,13_14.mp4,13_20.mp4,10_16.mp4
13,13_15.mp4,13_16.mp4,6_09.mp4
13,13_15.mp4,13_17.mp4,12_08.mp4
13,13_15.mp4,13_18.mp4,6_11.mp4
13,13_15.mp4,13_19.mp4,14_01.mp4
13,13_15.mp4,13_20.mp4,9_16.mp4
13,13_16.mp4,13_17.mp4,7_17.mp4
13,13_16.mp4,13_18.mp4,13_14.mp4
13,13_16.mp4,13_19.mp4,13_09.mp4
13,13_16.mp4,13_20.mp4,15_17.mp4
13,13_17.mp4,13_18.mp4,11_11.mp4
13,13_17.mp4,13_19.mp4,5_11.mp4
13,13_17.mp4,13_20.mp4,11_19.mp4
13,13_18.mp4,13_19.mp4,11_04.mp4
13,13_18.mp4,13_20.mp4,5_08.mp4
13,13_19.mp4,13_20.mp4,8_12.mp4
14,14_01.mp4,14_02.mp4,15_04.mp4
14,14_01.mp4,14_03.mp4,5_04.mp4
14,14_01.mp4,14_04.mp4,3_20.mp4
14,14_01.mp4,14_05.mp4,12_05.mp4
14,14_01.mp4,14_06.mp4,9_10.mp4
14,14_01.mp4,14_07.mp4,13_06.mp4
14,14_01.mp4,14_08.mp4,5_09.mp4
14,14_01.mp4,14_09.mp4,12_17.mp4
14,14_01.mp4,14_10.mp4,10_09.mp4
14,14_01.mp4,14_11.mp4,14_20.mp4
14,14_01.mp4,14_12.mp4,7_02.mp4
14,14_01.mp4,14_13.mp4,8_14.mp4
14,14_01.mp4,14_14.mp4,15_08.mp4
14,14_01.mp4,14_15.mp4,3_19.mp4
14,14_01.mp4,14_16.mp4,2_04.mp4
14,14_01.mp4,14_17.mp4,15_08.mp4
14,14_01.mp4,14_18.mp4,12_20.mp4
14,14_01.mp4,14_19.mp4,4_19.mp4
14,14_01.mp4,14_20.mp4,8_16.mp4
14,14_02.mp4,14_03.mp4,3_01.mp4
14,14_02.mp4,14_04.mp4,12_02.mp4
14,14_02.mp4,14_05.mp4,15_07.mp4
14,14_02.mp4,14_06.mp4,1_04.mp4
14,14_02.mp4,14_07.mp4,2_01.mp4
14,14_02.mp4,14_08.mp4,3_09.mp4
14,14_02.mp4,14_09.mp4,14_15.mp4
14,14_02.mp4,14_10.mp4,1_11.mp4
14,14_02.mp4,14_11.mp4,11_19.mp4
14,14_02.mp4,14_12.mp4,13_04.mp4
14,14_02.mp4,14_13.mp4,3_19.mp4
14,14_02.mp4,14_14.mp4,3_16.mp4
14,14_02.mp4,14_15.mp4,6_06.mp4
14,14_02.mp4,14_16.mp4,13_14.mp4
14,14_02.mp4,14_17.mp4,2_17.mp4
14,14_02.mp4,14_18.mp4,11_10.mp4
14,14_02.mp4,14_19.mp4,14_16.mp4
14,14_02.mp4,14_20.mp4,14_09.mp4
14,14_03.mp4,14_04.mp4,6_09.mp4
14,14_03.mp4,14_05.mp4,12_06.mp4
14,14_03.mp4,14_06.mp4,10_05.mp4
14,14_03.mp4,14_07.mp4,8_06.mp4
14,14_03.mp4,14_08.mp4,7_19.mp4
14,14_03.mp4,14_09.mp4,4_20.mp4
14,14_03.mp4,14_10.mp4,15_17.mp4
14,14_03.mp4,14_11.mp4,9_17.mp4
14,14_03.mp4,14_12.mp4,2_18.mp4
14,14_03.mp4,14_13.mp4,15_13.mp4
14,14_03.mp4,14_14.mp4,1_12.mp4
14,14_03.mp4,14_15.mp4,5_14.mp4
14,14_03.mp4,14_16.mp4,5_03.mp4
14,14_03.mp4,14_17.mp4,14_07.mp4
14,14_03.mp4,14_18.mp4,13_14.mp4
14,14_03.mp4,14_19.mp4,13_18.mp4
14,14_03.mp4,14_20.mp4,3_20.mp4
14,14_04.mp4,14_05.mp4,3_04.mp4
14,14_04.mp4,14_06.mp4,11_12.mp4
14,14_04.mp4,14_07.mp4,12_17.mp4
14,14_04.mp4,14_08.mp4,1_07.mp4
14,14_04.mp4,14_09.mp4,2_04.mp4
14,14_04.mp4,14_10.mp4,13_11.mp4
14,14_04.mp4,14_11.mp4,15_02.mp4
14,14_04.mp4,14_12.mp4,9_17.mp4
14,14_04.mp4,14_13.mp4,7_09.mp4
14,14_04.mp4,14_14.mp4,1_03.mp4
14,14_04.mp4,14_15.mp4,11_14.mp4
14,14_04.mp4,14_16.mp4,15_14.mp4
14,14_04.mp4,14_17.mp4,3_13.mp4
14,14_04.mp4,14_18.mp4,11_10.mp4
14,14_04.mp4,14_19.mp4,6_10.mp4
14,14_04.mp4,14_20.mp4,3_20.mp4
14,14_05.mp4,14_06.mp4,6_05.mp4
14,14_05.mp4,14_07.mp4,1_11.mp4
14,14_05.mp4,14_08.mp4,11_15.mp4
14,14_05.mp4,14_09.mp4,11_20.mp4
14,14_05.mp4,14_10.mp4,12_15.mp4
14,14_05.mp4,14_11.mp4,12_05.mp4
14,14_05.mp4,14_12.mp4,9_07.mp4
14,14_05.mp4,14_13.mp4,5_04.mp4
14,14_05.mp4,14_14.mp4,4_14.mp4
14,14_05.mp4,14_15.mp4,8_09.mp4
14,14_05.mp4,14_16.mp4,6_10.mp4
14,14_05.mp4,14_17.mp4,4_15.mp4
14,14_05.mp4,14_18.mp4,14_15.mp4
14,14_05.mp4,14_19.mp4,1_12.mp4
14,14_05.mp4,14_20.mp4,15_20.mp4
14,14_06.mp4,14_07.mp4,11_13.mp4
14,14_06.mp4,14_08.mp4,6_03.mp4
14,14_06.mp4,14_09.mp4,12_15.mp4
14,14_06.mp4,14_10.mp4,8_11.mp4
14,14_06.mp4,14_11.mp4,12_08.mp4
14,14_06.mp4,14_12.mp4,4_07.mp4
14,14_06.mp4,14_13.mp4,5_04.mp4
14,14_06.mp4,14_14.mp4,13_02.mp4
14,14_06.mp4,14_15.mp4,5_09.mp4
14,14_06.mp4,14_16.mp4,15_01.mp4
14,14_06.mp4,14_17.mp4,1_15.mp4
14,14_06.mp4,14_18.mp4,12_04.mp4
14,14_06.mp4,14_19.mp4,13_12.mp4
14,14_06.mp4,14_20.mp4,6_01.mp4
14,14_07.mp4,14_08.mp4,5_17.mp4
14,14_07.mp4,14_09.mp4,5_14.mp4
14,14_07.mp4,14_10.mp4,14_12.mp4
14,14_07.mp4,14_11.mp4,13_04.mp4
14,14_07.mp4,14_12.mp4,8_15.mp4
14,14_07.mp4,14_13.mp4,7_14.mp4
14,14_07.mp4,14_14.mp4,5_06.mp4
14,14_07.mp4,14_15.mp4,2_15.mp4
14,14_07.mp4,14_16.mp4,5_08.mp4
14,14_07.mp4,14_17.mp4,15_14.mp4
14,14_07.mp4,14_18.mp4,5_10.mp4
14,14_07.mp4,14_19.mp4,10_02.mp4
14,14_07.mp4,14_20.mp4,1_02.mp4
14,14_08.mp4,14_09.mp4,14_02.mp4
14,14_08.mp4,14_10.mp4,9_11.mp4
14,14_08.mp4,14_11.mp4,9_05.mp4
14,14_08.mp4,14_12.mp4,8_14.mp4
14,14_08.mp4,14_13.mp4,14_10.mp4
14,14_08.mp4,14_14.mp4,13_06.mp4
14,14_08.mp4,14_15.mp4,11_12.mp4
14,14_08.mp4,14_16.mp4,6_20.mp4
14,14_08.mp4,14_17.mp4,3_15.mp4
14,14_08.mp4,14_18.mp4,4_12.mp4
14,14_08.mp4,14_19.mp4,9_20.mp4
14,14_08.mp4,14_20.mp4,2_05.mp4
14,14_09.mp4,14_10.mp4,1_01.mp4
14,14_09.mp4,14_11.mp4,3_03.mp4
14,14_09.mp4,14_12.mp4,3_06.mp4
14,14_09.mp4,14_13.mp4,10_10.mp4
14,14_09.mp4,14_14.mp4,5_13.mp4
14,14_09.mp4,14_15.mp4,4_04.mp4
14,14_09.mp4,14_16.mp4,13_11.mp4
14,14_09.mp4,14_17.mp4,11_06.mp4
14,14_09.mp4,14_18.mp4,6_05.mp4
14,14_09.mp4,14_19.mp4,10_13.mp4
14,14_09.mp4,14_20.mp4,9_02.mp4
14,14_10.mp4,14_11.mp4,9_12.mp4
14,14_10.mp4,14_12.mp4,3_05.mp4
14,14_10.mp4,14_13.mp4,7_08.mp4
14,14_10.mp4,14_14.mp4,2_06.mp4
14,14_10.mp4,14_15.mp4,4_06.mp4
14,14_10.mp4,14_16.mp4,9_04.mp4
14,14_10.mp4,14_17.mp4,1_18.mp4
14,14_10.mp4,14_18.mp4,10_07.mp4
14,14_10.mp4,14_19.mp4,10_01.mp4
14,14_10.mp4,14_20.mp4,10_16.mp4
14,14_11.mp4,14_12.mp4,6_01.mp4
14,14_11.mp4,14_13.mp4,10_09.mp4
14,14_11.mp4,14_14.mp4,4_03.mp4
14,14_11.mp4,14_15.mp4,13_20.mp4
14,14_11.mp4,14_16.mp4,15_14.mp4
14,14_11.mp4,14_17.mp4,14_14.mp4
14,14_11.mp4,14_18.mp4,9_15.mp4
14,14_11.mp4,14_19.mp4,6_15.mp4
14,14_11.mp4,14_20.mp4,8_02.mp4
14,14_12.mp4,14_13.mp4,15_17.mp4
14,14_12.mp4,14_14.mp4,1_12.mp4
14,14_12.mp4,14_15.mp4,11_07.mp4
14,14_12.mp4,14_16.mp4,12_09.mp4
14,14_12.mp4,14_17.mp4,2_08.mp4
14,14_12.mp4,14_18.mp4,4_07.mp4
14,14_12.mp4,14_19.mp4,2_14.mp4
14,14_12.mp4,14_20.mp4,11_03.mp4
14,14_13.mp4,14_14.mp4,15_03.mp4
14,14_13.mp4,14_15.mp4,10_05.mp4
14,14_13.mp4,14_16.mp4,9_19.mp4
14,14_13.mp4,14_17.mp4,13_17.mp4
14,14_13.mp4,14_18.mp4,3_08.mp4
14,14_13.mp4,14_19.mp4,15_20.mp4
14,14_13.mp4,14_20.mp4,3_12.mp4
14,14_14.mp4,14_15.mp4,5_11.mp4
14,14_14.mp4,14_16.mp4,12_18.mp4
14,14_14.mp4,14_17.mp4,4_01.mp4
14,14_14.mp4,14_18.mp4,3_05.mp4
14,14_14.mp4,14_19.mp4,12_17.mp4
14,14_14.mp4,14_20.mp4,5_19.mp4
14,14_15.mp4,14_16.mp4,13_11.mp4
14,14_15.mp4,14_17.mp4,1_14.mp4
14,14_15.mp4,14_18.mp4,5_08.mp4
14,14_15.mp4,14_19.mp4,4_08.mp4
14,14_15.mp4,14_20.mp4,12_05.mp4
14,14_16.mp4,14_17.mp4,7_06.mp4
14,14_16.mp4,14_18.mp4,4_19.mp4
14,14_16.mp4,14_19.mp4,13_09.mp4
14,14_16.mp4,14_20.mp4,13_13.mp4
14,14_17.mp4,14_18.mp4,8_01.mp4
14,14_17.mp4,14_19.mp4,4_10.mp4
14,14_17.mp4,14_20.mp4,11_07.mp4
14,14_18.mp4,14_19.mp4,12_20.mp4
14,14_18.mp4,14_20.mp4,4_13.mp4
14,14_19.mp4,14_20.mp4,13_10.mp4
15,15_01.mp4,15_02.mp4,9_12.mp4
15,15_01.mp4,15_03.mp4,2_05.mp4
15,15_01.mp4,15_04.mp4,13_15.mp4
15,15_01.mp4,15_05.mp4,1_14.mp4
15,15_01.mp4,15_06.mp4,6_19.mp4
15,15_01.mp4,15_07.mp4,9_16.mp4
15,15_01.mp4,15_08.mp4,10_04.mp4
15,15_01.mp4,15_09.mp4,10_04.mp4
15,15_01.mp4,15_10.mp4,6_13.mp4
15,15_01.mp4,15_11.mp4,1_05.mp4
15,15_01.mp4,15_12.mp4,11_02.mp4
15,15_01.mp4,15_13.mp4,8_17.mp4
15,15_01.mp4,15_14.mp4,12_04.mp4
15,15_01.mp4,15_15.mp4,2_19.mp4
15,15_01.mp4,15_16.mp4,8_18.mp4
15,15_01.mp4,15_17.mp4,6_09.mp4
15,15_01.mp4,15_18.mp4,13_15.mp4
15,15_01.mp4,15_19.mp4,8_12.mp4
15,15_01.mp4,15_20.mp4,11_11.mp4
15,15_02.mp4,15_03.mp4,7_12.mp4
15,15_02.mp4,15_04.mp4,4_09.mp4
15,15_02.mp4,15_05.mp4,15_15.mp4
15,15_02.mp4,15_06.mp4,14_03.mp4
15,15_02.mp4,15_07.mp4,7_05.mp4
15,15_02.mp4,15_08.mp4,10_10.mp4
15,15_02.mp4,15_09.mp4,11_04.mp4
15,15_02.mp4,15_10.mp4,5_13.mp4
15,15_02.mp4,15_11.mp4,6_06.mp4
15,15_02.mp4,15_12.mp4,7_09.mp4
15,15_02.mp4,15_13.mp4,11_17.mp4
15,15_02.mp4,15_14.mp4,4_11.mp4
15,15_02.mp4,15_15.mp4,9_17.mp4
15,15_02.mp4,15_16.mp4,15_12.mp4
15,15_02.mp4,15_17.mp4,4_13.mp4
15,15_02.mp4,15_18.mp4,6_07.mp4
15,15_02.mp4,15_19.mp4,15_18.mp4
15,15_02.mp4,15_20.mp4,5_19.mp4
15,15_03.mp4,15_04.mp4,2_09.mp4
15,15_03.mp4,15_05.mp4,14_19.mp4
15,15_03.mp4,15_06.mp4,3_15.mp4
15,15_03.mp4,15_07.mp4,8_20.mp4
15,15_03.mp4,15_08.mp4,11_19.mp4
15,15_03.mp4,15_09.mp4,1_15.mp4
15,15_03.mp4,15_10.mp4,10_14.mp4
15,15_03.mp4,15_11.mp4,1_14.mp4
15,15_03.mp4,15_12.mp4,9_18.mp4
15,15_03.mp4,15_13.mp4,15_19.mp4
15,15_03.mp4,15_14.mp4,4_05.mp4
15,15_03.mp4,15_15.mp4,1_17.mp4
15,15_03.mp4,15_16.mp4,4_08.mp4
15,15_03.mp4,15_17.mp4,14_03.mp4
15,15_03.mp4,15_18.mp4,3_15.mp4
15,15_03.mp4,15_19.mp4,5_03.mp4
15,15_03.mp4,15_20.mp4,15_18.mp4
15,15_04.mp4,15_05.mp4,3_01.mp4
15,15_04.mp4,15_06.mp4,15_11.mp4
15,15_04.mp4,15_07.mp4,3_05.mp4
15,15_04.mp4,15_08.mp4,10_03.mp4
15,15_04.mp4,15_09.mp4,7_18.mp4
15,15_04.mp4,15_10.mp4,4_12.mp4
15,15_04.mp4,15_11.mp4,2_15.mp4
15,15_04.mp4,15_12.mp4,2_02.mp4
15,15_04.mp4,15_13.mp4,15_20.mp4
15,15_04.mp4,15_14.mp4,5_05.mp4
15,15_04.mp4,15_15.mp4,3_14.mp4
15,15_04.mp4,15_16.mp4,10_17.mp4
15,15_04.mp4,15_17.mp4,2_01.mp4
15,15_04.mp4,15_18.mp4,10_18.mp4
15,15_04.mp4,15_19.mp4,9_03.mp4
15,15_04.mp4,15_20.mp4,9_07.mp4
15,15_05.mp4,15_06.mp4,14_02.mp4
15,15_05.mp4,15_07.mp4,6_07.mp4
15,15_05.mp4,15_08.mp4,9_15.mp4
15,15_05.mp4,15_09.mp4,5_07.mp4
15,15_05.mp4,15_10.mp4,11_01.mp4
15,15_05.mp4,15_11.mp4,10_04.mp4
15,15_05.mp4,15_12.mp4,8_13.mp4
15,15_05.mp4,15_13.mp4,9_17.mp4
15,15_05.mp4,15_14.mp4,14_04.mp4
15,15_05.mp4,15_15.mp4,5_06.mp4
15,15_05.mp4,15_16.mp4,6_02.mp4
15,15_05.mp4,15_17.mp4,3_16.mp4
15,15_05.mp4,15_18.mp4,4_18.mp4
15,15_05.mp4,15_19.mp4,15_03.mp4
15,15_05.mp4,15_20.mp4,1_15.mp4
15,15_06.mp4,15_07.mp4,1_10.mp4
15,15_06.mp4,15_08.mp4,14_07.mp4
15,15_06.mp4,15_09.mp4,7_05.mp4
15,15_06.mp4,15_10.mp4,1_16.mp4
15,15_06.mp4,15_11.mp4,1_20.mp4
15,15_06.mp4,15_12.mp4,1_03.mp4
15,15_06.mp4,15_13.mp4,9_12.mp4
15,15_06.mp4,15_14.mp4,8_16.mp4
15,15_06.mp4,15_15.mp4,9_12.mp4
15,15_06.mp4,15_16.mp4,6_08.mp4
15,15_06.mp4,15_17.mp4,4_20.mp4
15,15_06.mp4,15_18.mp4,7_14.mp4
15,15_06.mp4,15_19.mp4,13_10.mp4
15,15_06.mp4,15_20.mp4,5_12.mp4
15,15_07.mp4,15_08.mp4,9_20.mp4
15,15_07.mp4,15_09.mp4,12_04.mp4
15,15_07.mp4,15_10.mp4,6_02.mp4
15,15_07.mp4,15_11.mp4,8_12.mp4
15,15_07.mp4,15_12.mp4,3_17.mp4
15,15_07.mp4,15_13.mp4,12_04.mp4
15,15_07.mp4,15_14.mp4,9_11.mp4
15,15_07.mp4,15_15.mp4,14_16.mp4
15,15_07.mp4,15_16.mp4,1_06.mp4
15,15_07.mp4,15_17.mp4,14_03.mp4
15,15_07.mp4,15_18.mp4,6_10.mp4
15,15_07.mp4,15_19.mp4,4_06.mp4
15,15_07.mp4,15_20.mp4,13_04.mp4
15,15_08.mp4,15_09.mp4,4_14.mp4
15,15_08.mp4,15_10.mp4,15_12.mp4
15,15_08.mp4,15_11.mp4,10_09.mp4
15,15_08.mp4,15_12.mp4,10_12.mp4
15,15_08.mp4,15_13.mp4,15_13.mp4
15,15_08.mp4,15_14.mp4,3_08.mp4
15,15_08.mp4,15_15.mp4,6_13.mp4
15,15_08.mp4,15_16.mp4,10_06.mp4
15,15_08.mp4,15_17.mp4,14_02.mp4
15,15_08.mp4,15_18.mp4,5_09.mp4
15,15_08.mp4,15_19.mp4,15_08.mp4
15,15_08.mp4,15_20.mp4,15_13.mp4
15,15_09.mp4,15_10.mp4,11_18.mp4
15,15_09.mp4,15_11.mp4,10_08.mp4
15,15_09.mp4,15_12.mp4,15_02.mp4
15,15_09.mp4,15_13.mp4,8_18.mp4
15,15_09.mp4,15_14.mp4,13_18.mp4
15,15_09.mp4,15_15.mp4,10_07.mp4
15,15_09.mp4,15_16.mp4,5_07.mp4
15,15_09.mp4,15_17.mp4,2_06.mp4
15,15_09.mp4,15_18.mp4,12_12.mp4
15,15_09.mp4,15_19.mp4,5_15.mp4
15,15_09.mp4,15_20.mp4,1_15.mp4
15,15_10.mp4,15_11.mp4,12_05.mp4
15,15_10.mp4,15_12.mp4,5_13.mp4
15,15_10.mp4,15_13.mp4,1_20.mp4
15,15_10.mp4,15_14.mp4,7_20.mp4
15,15_10.mp4,15_15.mp4,15_06.mp4
15,15_10.mp4,15_16.mp4,14_13.mp4
15,15_10.mp4,15_17.mp4,3_11.mp4
15,15_10.mp4,15_18.mp4,3_13.mp4
15,15_10.mp4,15_19.mp4,8_03.mp4
15,15_10.mp4,15_20.mp4,3_16.mp4
15,15_11.mp4,15_12.mp4,11_18.mp4
15,15_11.mp4,15_13.mp4,5_13.mp4
15,15_11.mp4,15_14.mp4,7_08.mp4
15,15_11.mp4,15_15.mp4,14_06.mp4
15,15_11.mp4,15_16.mp4,3_01.mp4
15,15_11.mp4,15_17.mp4,12_07.mp4
15,15_11.mp4,15_18.mp4,10_07.mp4
15,15_11.mp4,15_19.mp4,9_17.mp4
15,15_11.mp4,15_20.mp4,13_16.mp4
15,15_12.mp4,15_13.mp4,6_13.mp4
15,15_12.mp4,15_14.mp4,11_13.mp4
15,15_12.mp4,15_15.mp4,1_01.mp4
15,15_12.mp4,15_16.mp4,13_19.mp4
15,15_12.mp4,15_17.mp4,14_03.mp4
15,15_12.mp4,15_18.mp4,6_14.mp4
15,15_12.mp4,15_19.mp4,13_08.mp4
15,15_12.mp4,15_20.mp4,13_06.mp4
15,15_13.mp4,15_14.mp4,12_09.mp4
15,15_13.mp4,15_15.mp4,4_16.mp4
15,15_13.mp4,15_16.mp4,9_14.mp4
15,15_13.mp4,15_17.mp4,1_01.mp4
15,15_13.mp4,15_18.mp4,10_02.mp4
15,15_13.mp4,15_19.mp4,9_09.mp4
15,15_13.mp4,15_20.mp4,9_03.mp4
15,15_14.mp4,15_15.mp4,7_11.mp4
15,15_14.mp4,15_16.mp4,10_09.mp4
15,15_14.mp4,15_17.mp4,2_03.mp4
15,15_14.mp4,15_18.mp4,8_14.mp4
15,15_14.mp4,15_19.mp4,8_11.mp4
15,15_14.mp4,15_20.mp4,11_08.mp4
15,15_15.mp4,15_16.mp4,10_06.mp4
15,15_15.mp4,15_17.mp4,6_20.mp4
15,15_15.mp4,15_18.mp4,13_04.mp4
15,15_15.mp4,15_19.mp4,9_14.mp4
15,15_15.mp4,15_20.mp4,13_18.mp4
15,15_16.mp4,15_17.mp4,1_04.mp4
15,15_16.mp4,15_18.mp4,14_15.mp4
15,15_16.mp4,15_19.mp4,8_05.mp4
15,15_16.mp4,15_20.mp4,1_15.mp4
15,15_17.mp4,15_18.mp4,12_16.mp4
15,15_17.mp4,15_19.mp4,10_05.mp4
15,15_17.mp4,15_20.mp4,11_03.mp4
15,15_18.mp4,15_19.mp4,1_09.mp4
15,15_18.mp4,15_20.mp4,8_18.mp4
15,15_19.mp4,15_20.mp4,4_08.mp4
2,2_01.mp4,2_02.mp4,11_11.mp4
2,2_01.mp4,2_03.mp4,12_09.mp4
2,2_01.mp4,2_04.mp4,4_08.mp4
2,2_01.mp4,2_05.mp4,10_02.mp4
2,2_01.mp4,2_06.mp4,5_09.mp4
2,2_01.mp4,2_07.mp4,11_06.mp4
2,2_01.mp4,2_08.mp4,7_01.mp4
2,2_01.mp4,2_09.mp4,6_04.mp4
2,2_01.mp4,2_10.mp4,4_07.mp4
2,2_01.mp4,2_11.mp4,8_12.mp4
2,2_01.mp4,2_12.mp4,13_14.mp4
2,2_01.mp4,2_13.mp4,2_12.mp4
2,2_01.mp4,2_14.mp4,12_16.mp4
2,2_01.mp4,2_15.mp4,11_07.mp4
2,2_01.mp4,2_16.mp4,2_14.mp4
2,2_01.mp4,2_17.mp4,6_15.mp4
2,2_01.mp4,2_18.mp4,6_09.mp4
2,2_01.mp4,2_19.mp4,10_10.mp4
2,2_01.mp4,2_20.mp4,13_09.mp4
2,2_02.mp4,2_03.mp4,3_08.mp4
2,2_02.mp4,2_04.mp4,14_18.mp4
2,2_02.mp4,2_05.mp4,15_10.mp4
2,2_02.mp4,2_06.mp4,15_06.mp4
2,2_02.mp4,2_07.mp4,8_05.mp4
2,2_02.mp4,2_08.mp4,2_18.mp4
2,2_02.mp4,2_09.mp4,4_16.mp4
2,2_02.mp4,2_10.mp4,7_05.mp4
2,2_02.mp4,2_11.mp4,2_08.mp4
2,2_02.mp4,2_12.mp4,11_13.mp4
2,2_02.mp4,2_13.mp4,5_15.mp4
2,2_02.mp4,2_14.mp4,12_08.mp4
2,2_02.mp4,2_15.mp4,3_05.mp4
2,2_02.mp4,2_16.mp4,2_20.mp4
2,2_02.mp4,2_17.mp4,9_20.mp4
2,2_02.mp4,2_18.mp4,6_19.mp4
2,2_02.mp4,2_19.mp4,11_11.mp4
2,2_02.mp4,2_20.mp4,4_08.mp4
2,2_03.mp4,2_04.mp4,4_10.mp4
2,2_03.mp4,2_05.mp4,11_03.mp4
2,2_03.mp4,2_06.mp4,7_19.mp4
2,2_03.mp4,2_07.mp4,12_02.mp4
2,2_03.mp4,2_08.mp4,1_02.mp4
2,2_03.mp4,2_09.mp4,11_15.mp4
2,2_03.mp4,2_10.mp4,12_03.mp4
2,2_03.mp4,2_11.mp4,5_18.mp4
2,2_03.mp4,2_12.mp4,11_05.mp4
2,2_03.mp4,2_13.mp4,12_19.mp4
2,2_03.mp4,2_14.mp4,9_18.mp4
2,2_03.mp4,2_15.mp4,9_11.mp4
2,2_03.mp4,2_16.mp4,8_16.mp4
2,2_03.mp4,2_17.mp4,2_16.mp4
2,2_03.mp4,2_18.mp4,7_06.mp4
2,2_03.mp4,2_19.mp4,3_20.mp4
2,2_03.mp4,2_20.mp4,6_20.mp4
2,2_04.mp4,2_05.mp4,8_03.mp4
2,2_04.mp4,2_06.mp4,7_18.mp4
2,2_04.mp4,2_07.mp4,8_09.mp4
2,2_04.mp4,2_08.mp4,7_01.mp4
2,2_04.mp4,2_09.mp4,4_10.mp4
2,2_04.mp4,2_10.mp4,4_02.mp4
2,2_04.mp4,2_11.mp4,10_06.mp4
2,2_04.mp4,2_12.mp4,5_14.mp4
2,2_04.mp4,2_13.mp4,8_01.mp4
2,2_04.mp4,2_14.mp4,13_05.mp4
2,2_04.mp4,2_15.mp4,1_07.mp4
2,2_04.mp4,2_16.mp4,2_14.mp4
2,2_04.mp4,2_17.mp4,2_20.mp4
2,2_04.mp4,2_18.mp4,10_16.mp4
2,2_04.mp4,2_19.mp4,4_06.mp4
2,2_04.mp4,2_20.mp4,2_05.mp4
2,2_05.mp4,2_06.mp4,9_07.mp4
2,2_05.mp4,2_07.mp4,12_19.mp4
2,2_05.mp4,2_08.mp4,12_02.mp4
2,2_05.mp4,2_09.mp4,11_04.mp4
2,2_05.mp4,2_10.mp4,1_02.mp4
2,2_05.mp4,2_11.mp4,12_20.mp4
2,2_05.mp4,2_12.mp4,2_13.mp4
2,2_05.mp4,2_13.mp4,8_03.mp4
2,2_05.mp4,2_14.mp4,12_06.mp4
2,2_05.mp4,2_15.mp4,3_12.mp4
2,2_05.mp4,2_16.mp4,5_15.mp4
2,2_05.mp4,2_17.mp4,7_10.mp4
2,2_05.mp4,2_18.mp4,2_07.mp4
2,2_05.mp4,2_19.mp4,5_18.mp4
2,2_05.mp4,2_20.mp4,10_02.mp4
2,2_06.mp4,2_07.mp4,14_15.mp4
2,2_06.mp4,2_08.mp4,15_20.mp4
2,2_06.mp4,2_09.mp4,15_13.mp4
2,2_06.mp4,2_10.mp4,4_18.mp4
2,2_06.mp4,2_11.mp4,10_12.mp4
2,2_06.mp4,2_12.mp4,11_07.mp4
2,2_06.mp4,2_13.mp4,14_19.mp4
2,2_06.mp4,2_14.mp4,8_09.mp4
2,2_06.mp4,2_15.mp4,4_09.mp4
2,2_06.mp4,2_16.mp4,6_02.mp4
2,2_06.mp4,2_17.mp4,11_17.mp4
2,2_06.mp4,2_18.mp4,1_06.mp4
2,2_06.mp4,2_19.mp4,10_02.mp4
2,2_06.mp4,2_20.mp4,15_08.mp4
2,2_07.mp4,2_08.mp4,5_18.mp4
2,2_07.mp4,2_09.mp4,9_15.mp4
2,2_07.mp4,2_10.mp4,14_17.mp4
2,2_07.mp4,2_11.mp4,11_09.mp4
2,2_07.mp4,2_12.mp4,7_08.mp4
2,2_07.mp4,2_13.mp4,6_15.mp4
2,2_07.mp4,2_14.mp4,14_10.mp4
2,2_07.mp4,2_15.mp4,2_05.mp4
2,2_07.mp4,2_16.mp4,12_16.mp4
2,2_07.mp4,2_17.mp4,9_16.mp4
2,2_07.mp4,2_18.mp4,9_12.mp4
2,2_07.mp4,2_19.mp4,13_04.mp4
2,2_07.mp4,2_20.mp4,9_15.mp4
2,2_08.mp4,2_09.mp4,6_15.mp4
2,2_08.mp4,2_10.mp4,6_20.mp4
2,2_08.mp4,2_11.mp4,1_15.mp4
2,2_08.mp4,2_12.mp4,2_15.mp4
2,2_08.mp4,2_13.mp4,14_16.mp4
2,2_08.mp4,2_14.mp4,1_20.mp4
2,2_08.mp4,2_15.mp4,2_05.mp4
2,2_08.mp4,2_16.mp4,11_06.mp4
2,2_08.mp4,2_17.mp4,13_07.mp4
2,2_08.mp4,2_18.mp4,9_07.mp4
2,2_08.mp4,2_19.mp4,11_16.mp4
2,2_08.mp4,2_20.mp4,3_18.mp4
2,2_09.mp4,2_10.mp4,7_08.mp4
2,2_09.mp4,2_11.mp4,8_17.mp4
2,2_09.mp4,2_12.mp4,15_15.mp4
2,2_09.mp4,2_13.mp4,15_08.mp4
2,2_09.mp4,2_14.mp4,6_07.mp4
2,2_09.mp4,2_15.mp4,11_08.mp4
2,2_09.mp4,2_16.mp4,15_13.mp4
2,2_09.mp4,2_17.mp4,13_09.mp4
2,2_09.mp4,2_18.mp4,7_09.mp4
2,2_09.mp4,2_19.mp4,1_08.mp4
2,2_09.mp4,2_20.mp4,12_02.mp4
2,2_10.mp4,2_11.mp4,3_14.mp4
2,2_10.mp4,2_12.mp4,5_19.mp4
2,2_10.mp4,2_13.mp4,14_12.mp4
2,2_10.mp4,2_14.mp4,2_03.mp4
2,2_10.mp4,2_15.mp4,14_13.mp4
2,2_10.mp4,2_16.mp4,2_08.mp4
2,2_10.mp4,2_17.mp4,14_20.mp4
2,2_10.mp4,2_18.mp4,5_14.mp4
2,2_10.mp4,2_19.mp4,8_05.mp4
2,2_10.mp4,2_20.mp4,5_11.mp4
2,2_11.mp4,2_12.mp4,9_18.mp4
2,2_11.mp4,2_13.mp4,11_03.mp4
2,2_11.mp4,2_14.mp4,13_13.mp4
2,2_11.mp4,2_15.mp4,4_10.mp4
2,2_11.mp4,2_16.mp4,3_14.mp4
2,2_11.mp4,2_17.mp4,6_18.mp4
2,2_11.mp4,2_18.mp4,11_19.mp4
2,2_11.mp4,2_19.mp4,13_09.mp4
2,2_11.mp4,2_20.mp4,5_17.mp4
2,2_12.mp4,2_13.mp4,14_04.mp4
2,2_12.mp4,2_14.mp4,4_15.mp4
2,2_12.mp4,2_15.mp4,11_02.mp4
2,2_12.mp4,2_16.mp4,7_17.mp4
2,2_12.mp4,2_17.mp4,13_05.mp4
2,2_12.mp4,2_18.mp4,15_04.mp4
2,2_12.mp4,2_19.mp4,9_06.mp4
2,2_12.mp4,2_20.mp4,9_08.mp4
2,2_13.mp4,2_14.mp4,10_18.mp4
2,2_13.mp4,2_15.mp4,15_20.mp4
2,2_13.mp4,2_16.mp4,4_05.mp4
2,2_13.mp4,2_17.mp4,14_06.mp4
2,2_13.mp4,2_18.mp4,2_01.mp4
2,2_13.mp4,2_19.mp4,13_01.mp4
2,2_13.mp4,2_20.mp4,8_20.mp4
2,2_14.mp4,2_15.mp4,14_16.mp4
2,2_14.mp4,2_16.mp4,4_06.mp4
2,2_14.mp4,2_17.mp4,9_05.mp4
2,2_14.mp4,2_18.mp4,11_04.mp4
2,2_14.mp4,2_19.mp4,13_19.mp4
2,2_14.mp4,2_20.mp4,12_02.mp4
2,2_15.mp4,2_16.mp4,8_15.mp4
2,2_15.mp4,2_17.mp4,10_05.mp4
2,2_15.mp4,2_18.mp4,1_02.mp4
2,2_15.mp4,2_19.mp4,6_20.mp4
2,2_15.mp4,2_20.mp4,15_15.mp4
2,2_16.mp4,2_17.mp4,11_07.mp4
2,2_16.mp4,2_18.mp4,13_06.mp4
2,2_16.mp4,2_19.mp4,5_11.mp4
2,2_16.mp4,2_20.mp4,3_20.mp4
2,2_17.mp4,2_18.mp4,1_10.mp4
2,2_17.mp4,2_19.mp4,3_01.mp4
2,2_17.mp4,2_20.mp4,11_11.mp4
2,2_18.mp4,2_19.mp4,5_06.mp4
2,2_18.mp4,2_20.mp4,15_13.mp4
2,2_19.mp4,2_20.mp4,3_01.mp4
3,3_01.mp4,3_02.mp4,7_13.mp4
3,3_01.mp4,3_03.mp4,9_10.mp4
3,3_01.mp4,3_04.mp4,10_09.mp4
3,3_01.mp4,3_05.mp4,2_06.mp4
3,3_01.mp4,3_06.mp4,14_10.mp4
3,3_01.mp4,3_07.mp4,9_10.mp4
3,3_01.mp4,3_08.mp4,3_07.mp4
3,3_01.mp4,3_09.mp4,6_20.mp4
3,3_01.mp4,3_10.mp4,1_10.mp4
3,3_01.mp4,3_11.mp4,5_13.mp4
3,3_01.mp4,3_12.mp4,15_14.mp4
3,3_01.mp4,3_13.mp4,6_16.mp4
3,3_01.mp4,3_14.mp4,15_16.mp4
3,3_01.mp4,3_15.mp4,10_14.mp4
3,3_01.mp4,3_16.mp4,13_16.mp4
3,3_01.mp4,3_17.mp4,11_16.mp4
3,3_01.mp4,3_18.mp4,2_17.mp4
3,3_01.mp4,3_19.mp4,2_13.mp4
3,3_01.mp4,3_20.mp4,1_20.mp4
3,3_02.mp4,3_03.mp4,10_18.mp4
3,3_02.mp4,3_04.mp4,4_06.mp4
3,3_02.mp4,3_05.mp4,9_15.mp4
3,3_02.mp4,3_06.mp4,9_18.mp4
3,3_02.mp4,3_07.mp4,7_14.mp4
3,3_02.mp4,3_08.mp4,9_09.mp4
3,3_02.mp4,3_09.mp4,1_14.mp4
3,3_02.mp4,3_10.mp4,1_07.mp4
3,3_02.mp4,3_11.mp4,7_01.mp4
3,3_02.mp4,3_12.mp4,14_05.mp4
3,3_02.mp4,3_13.mp4,11_10.mp4
3,3_02.mp4,3_14.mp4,3_13.mp4
3,3_02.mp4,3_15.mp4,10_16.mp4
3,3_02.mp4,3_16.mp4,8_03.mp4
3,3_02.mp4,3_17.mp4,15_08.mp4
3,3_02.mp4,3_18.mp4,14_19.mp4
3,3_02.mp4,3_19.mp4,2_02.mp4
3,3_02.mp4,3_20.mp4,14_11.mp4
3,3_03.mp4,3_04.mp4,15_20.mp4
3,3_03.mp4,3_05.mp4,15_14.mp4
3,3_03.mp4,3_06.mp4,15_18.mp4
3,3_03.mp4,3_07.mp4,6_15.mp4
3,3_03.mp4,3_08.mp4,11_12.mp4
3,3_03.mp4,3_09.mp4,11_10.mp4
3,3_03.mp4,3_10.mp4,7_11.mp4
3,3_03.mp4,3_11.mp4,6_11.mp4
3,3_03.mp4,3_12.mp4,7_07.mp4
3,3_03.mp4,3_13.mp4,3_08.mp4
3,3_03.mp4,3_14.mp4,4_02.mp4
3,3_03.mp4,3_15.mp4,15_08.mp4
3,3_03.mp4,3_16.mp4,12_16.mp4
3,3_03.mp4,3_17.mp4,7_15.mp4
3,3_03.mp4,3_18.mp4,11_15.mp4
3,3_03.mp4,3_19.mp4,6_13.mp4
3,3_03.mp4,3_20.mp4,12_06.mp4
3,3_04.mp4,3_05.mp4,3_06.mp4
3,3_04.mp4,3_06.mp4,4_20.mp4
3,3_04.mp4,3_07.mp4,9_06.mp4
3,3_04.mp4,3_08.mp4,11_08.mp4
3,3_04.mp4,3_09.mp4,4_18.mp4
3,3_04.mp4,3_10.mp4,9_09.mp4
3,3_04.mp4,3_11.mp4,4_07.mp4
3,3_04.mp4,3_12.mp4,5_18.mp4
3,3_04.mp4,3_13.mp4,3_11.mp4
3,3_04.mp4,3_14.mp4,5_16.mp4
3,3_04.mp4,3_15.mp4,1_03.mp4
3,3_04.mp4,3_16.mp4,13_05.mp4
3,3_04.mp4,3_17.mp4,15_09.mp4
3,3_04.mp4,3_18.mp4,12_15.mp4
3,3_04.mp4,3_19.mp4,5_04.mp4
3,3_04.mp4,3_20.mp4,14_16.mp4
3,3_05.mp4,3_06.mp4,11_17.mp4
3,3_05.mp4,3_07.mp4,4_17.mp4
3,3_05.mp4,3_08.mp4,10_16.mp4
3,3_05.mp4,3_09.mp4,11_10.mp4
3,3_05.mp4,3_10.mp4,7_14.mp4
3,3_05.mp4,3_11.mp4,14_07.mp4
3,3_05.mp4,3_12.mp4,13_15.mp4
3,3_05.mp4,3_13.mp4,4_01.mp4
3,3_05.mp4,3_14.mp4,9_05.mp4
3,3_05.mp4,3_15.mp4,4_19.mp4
3,3_05.mp4,3_16.mp4,10_03.mp4
3,3_05.mp4,3_17.mp4,13_16.mp4
3,3_05.mp4,3_18.mp4,10_15.mp4
3,3_05.mp4,3_19.mp4,15_15.mp4
3,3_05.mp4,3_20.mp4,15_15.mp4
3,3_06.mp4,3_07.mp4,1_04.mp4
3,3_06.mp4,3_08.mp4,15_03.mp4
3,3_06.mp4,3_09.mp4,7_20.mp4
3,3_06.mp4,3_10.mp4,8_19.mp4
3,3_06.mp4,3_11.mp4,6_20.mp4
3,3_06.mp4,3_12.mp4,9_03.mp4
3,3_06.mp4,3_13.mp4,7_05.mp4
3,3_06.mp4,3_14.mp4,8_15.mp4
3,3_06.mp4,3_15.mp4,15_08.mp4
3,3_06.mp4,3_16.mp4,8_10.mp4
3,3_06.mp4,3_17.mp4,13_17.mp4
3,3_06.mp4,3_18.mp4,7_20.mp4
3,3_06.mp4,3_19.mp4,1_02.mp4
3,3_06.mp4,3_20.mp4,8_11.mp4
3,3_07.mp4,3_08.mp4,15_05.mp4
3,3_07.mp4,3_09.mp4,9_19.mp4
3,3_07.mp4,3_10.mp4,6_18.mp4
3,3_07.mp4,3_11.mp4,8_17.mp4
3,3_07.mp4,3_12.mp4,6_19.mp4
3,3_07.mp4,3_13.mp4,6_18.mp4
3,3_07.mp4,3_14.mp4,15_01.mp4
3,3_07.mp4,3_15.mp4,11_05.mp4
3,3_07.mp4,3_16.mp4,4_10.mp4
3,3_07.mp4,3_17.mp4,9_06.mp4
3,3_07.mp4,3_18.mp4,6_17.mp4
3,3_07.mp4,3_19.mp4,5_17.mp4
3,3_07.mp4,3_20.mp4,7_15.mp4
3,3_08.mp4,3_09.mp4,9_01.mp4
3,3_08.mp4,3_10.mp4,7_05.mp4
3,3_08.mp4,3_11.mp4,13_15.mp4
3,3_08.mp4,3_12.mp4,9_18.mp4
3,3_08.mp4,3_13.mp4,12_12.mp4
3,3_08.mp4,3_14.mp4,3_18.mp4
3,3_08.mp4,3_15.mp4,12_07.mp4
3,3_08.mp4,3_16.mp4,8_14.mp4
3,3_08.mp4,3_17.mp4,7_19.mp4
3,3_08.mp4,3_18.mp4,6_03.mp4
3,3_08.mp4,3_19.mp4,9_17.mp4
3,3_08.mp4,3_20.mp4,14_04.mp4
3,3_09.mp4,3_10.mp4,2_01.mp4
3,3_09.mp4,3_11.mp4,13_17.mp4
3,3_09.mp4,3_12.mp4,5_13.mp4
3,3_09.mp4,3_13.mp4,9_19.mp4
3,3_09.mp4,3_14.mp4,11_16.mp4
3,3_09.mp4,3_15.mp4,1_06.mp4
3,3_09.mp4,3_16.mp4,8_04.mp4
3,3_09.mp4,3_17.mp4,1_05.mp4
3,3_09.mp4,3_18.mp4,4_07.mp4
3,3_09.mp4,3_19.mp4,5_08.mp4
3,3_09.mp4,3_20.mp4,2_03.mp4
3,3_10.mp4,3_11.mp4,15_10.mp4
3,3_10.mp4,3_12.mp4,12_04.mp4
3,3_10.mp4,3_13.mp4,5_11.mp4
3,3_10.mp4,3_14.mp4,12_03.mp4
3,3_10.mp4,3_15.mp4,13_12.mp4
3,3_10.mp4,3_16.mp4,5_01.mp4
3,3_10.mp4,3_17.mp4,14_01.mp4
3,3_10.mp4,3_18.mp4,3_16.mp4
3,3_10.mp4,3_19.mp4,3_15.mp4
3,3_10.mp4,3_20.mp4,1_18.mp4
3,3_11.mp4,3_12.mp4,3_12.mp4
3,3_11.mp4,3_13.mp4,14_05.mp4
3,3_11.mp4,3_14.mp4,14_13.mp4
3,3_11.mp4,3_15.mp4,5_05.mp4
3,3_11.mp4,3_16.mp4,13_11.mp4
3,3_11.mp4,3_17.mp4,3_05.mp4
3,3_11.mp4,3_18.mp4,11_02.mp4
3,3_11.mp4,3_19.mp4,2_12.mp4
3,3_11.mp4,3_20.mp4,11_16.mp4
3,3_12.mp4,3_13.mp4,11_20.mp4
3,3_12.mp4,3_14.mp4,15_14.mp4
3,3_12.mp4,3_15.mp4,14_01.mp4
3,3_12.mp4,3_16.mp4,2_10.mp4
3,3_12.mp4,3_17.mp4,8_12.mp4
3,3_12.mp4,3_18.mp4,4_01.mp4
3,3_12.mp4,3_19.mp4,3_04.mp4
3,3_12.mp4,3_20.mp4,12_06.mp4
3,3_13.mp4,3_14.mp4,12_02.mp4
3,3_13.mp4,3_15.mp4,15_17.mp4
3,3_13.mp4,3_16.mp4,14_18.mp4
3,3_13.mp4,3_17.mp4,8_11.mp4
3,3_13.mp4,3_18.mp4,1_05.mp4
3,3_13.mp4,3_19.mp4,10_20.mp4
3,3_13.mp4,3_20.mp4,2_19.mp4
3,3_14.mp4,3_15.mp4,5_11.mp4
3,3_14.mp4,3_16.mp4,7_08.mp4
3,3_14.mp4,3_17.mp4,10_15.mp4
3,3_14.mp4,3_18.mp4,1_20.mp4
3,3_14.mp4,3_19.mp4,11_07.mp4
3,3_14.mp4,3_20.mp4,3_02.mp4
3,3_15.mp4,3_16.mp4,15_04.mp4
3,3_15.mp4,3_17.mp4,6_11.mp4
3,3_15.mp4,3_18.mp4,1_08.mp4
3,3_15.mp4,3_19.mp4,8_19.mp4
3,3_15.mp4,3_20.mp4,9_17.mp4
3,3_16.mp4,3_17.mp4,14_09.mp4
3,3_16.mp4,3_18.mp4,13_14.mp4
3,3_16.mp4,3_19.mp4,3_09.mp4
3,3_16.mp4,3_20.mp4,12_17.mp4
3,3_17.mp4,3_18.mp4,12_01.mp4
3,3_17.mp4,3_19.mp4,6_12.mp4
3,3_17.mp4,3_20.mp4,13_20.mp4
3,3_18.mp4,3_19.mp4,11_11.mp4
3,3_18.mp4,3_20.mp4,1_08.mp4
3,3_19.mp4,3_20.mp4,8_07.mp4
4,4_01.mp4,4_02.mp4,15_04.mp4
4,4_01.mp4,4_03.mp4,2_08.mp4
4,4_01.mp4,4_04.mp4,10_04.mp4
4,4_01.mp4,4_05.mp4,10_15.mp4
4,4_01.mp4,4_06.mp4,12_08.mp4
4,4_01.mp4,4_07.mp4,15_13.mp4
4,4_01.mp4,4_08.mp4,11_19.mp4
4,4_01.mp4,4_09.mp4,6_18.mp4
4,4_01.mp4,4_10.mp4,5_18.mp4
4,4_01.mp4,4_11.mp4,12_11.mp4
4,4_01.mp4,4_12.mp4,13_01.mp4
4,4_01.mp4,4_13.mp4,10_09.mp4
4,4_01.mp4,4_14.mp4,2_15.mp4
4,4_01.mp4,4_15.mp4,8_18.mp4
4,4_01.mp4,4_16.mp4,10_10.mp4
4,4_01.mp4,4_17.mp4,9_06.mp4
4,4_01.mp4,4_18.mp4,7_04.mp4
4,4_01.mp4,4_19.mp4,6_20.mp4
4,4_01.mp4,4_20.mp4,10_13.mp4
4,4_02.mp4,4_03.mp4,9_13.mp4
4,4_02.mp4,4_04.mp4,2_07.mp4
4,4_02.mp4,4_05.mp4,11_13.mp4
4,4_02.mp4,4_06.mp4,15_19.mp4
4,4_02.mp4,4_07.mp4,15_16.mp4
4,4_02.mp4,4_08.mp4,12_07.mp4
4,4_02.mp4,4_09.mp4,7_07.mp4
4,4_02.mp4,4_10.mp4,7_15.mp4
4,4_02.mp4,4_11.mp4,1_06.mp4
4,4_02.mp4,4_12.mp4,4_11.mp4
4,4_02.mp4,4_13.mp4,7_04.mp4
4,4_02.mp4,4_14.mp4,15_11.mp4
4,4_02.mp4,4_15.mp4,2_12.mp4
4,4_02.mp4,4_16.mp4,6_13.mp4
4,4_02.mp4,4_17.mp4,7_07.mp4
4,4_02.mp4,4_18.mp4,1_09.mp4
4,4_02.mp4,4_19.mp4,6_15.mp4
4,4_02.mp4,4_20.mp4,13_01.mp4
4,4_03.mp4,4_04.mp4,5_11.mp4
4,4_03.mp4,4_05.mp4,10_08.mp4
4,4_03.mp4,4_06.mp4,2_19.mp4
4,4_03.mp4,4_07.mp4,13_15.mp4
4,4_03.mp4,4_08.mp4,5_01.mp4
4,4_03.mp4,4_09.mp4,1_14.mp4
4,4_03.mp4,4_10.mp4,2_08.mp4
4,4_03.mp4,4_11.mp4,7_13.mp4
4,4_03.mp4,4_12.mp4,5_14.mp4
4,4_03.mp4,4_13.mp4,13_08.mp4
4,4_03.mp4,4_14.mp4,9_06.mp4
4,4_03.mp4,4_15.mp4,7_03.mp4
4,4_03.mp4,4_16.mp4,1_19.mp4
4,4_03.mp4,4_17.mp4,11_02.mp4
4,4_03.mp4,4_18.mp4,8_11.mp4
4,4_03.mp4,4_19.mp4,1_17.mp4
4,4_03.mp4,4_20.mp4,9_15.mp4
4,4_04.mp4,4_05.mp4,13_10.mp4
4,4_04.mp4,4_06.mp4,9_04.mp4
4,4_04.mp4,4_07.mp4,6_08.mp4
4,4_04.mp4,4_08.mp4,1_02.mp4
4,4_04.mp4,4_09.mp4,12_20.mp4
4,4_04.mp4,4_10.mp4,11_01.mp4
4,4_04.mp4,4_11.mp4,9_11.mp4
4,4_04.mp4,4_12.mp4,3_11.mp4
4,4_04.mp4,4_13.mp4,4_02.mp4
4,4_04.mp4,4_14.mp4,13_15.mp4
4,4_04.mp4,4_15.mp4,11_05.mp4
4,4_04.mp4,4_16.mp4,15_19.mp4
4,4_04.mp4,4_17.mp4,6_03.mp4
4,4_04.mp4,4_18.mp4,13_16.mp4
4,4_04.mp4,4_19.mp4,9_15.mp4
4,4_04.mp4,4_20.mp4,12_12.mp4
4,4_05.mp4,4_06.mp4,8_14.mp4
4,4_05.mp4,4_07.mp4,5_07.mp4
4,4_05.mp4,4_08.mp4,10_10.mp4
4,4_05.mp4,4_09.mp4,5_12.mp4
4,4_05.mp4,4_10.mp4,6_18.mp4
4,4_05.mp4,4_11.mp4,3_10.mp4
4,4_05.mp4,4_12.mp4,11_05.mp4
4,4_05.mp4,4_13.mp4,10_18.mp4
4,4_05.mp4,4_14.mp4,8_12.mp4
4,4_05.mp4,4_15.mp4,10_08.mp4
4,4_05.mp4,4_16.mp4,4_17.mp4
4,4_05.mp4,4_17.mp4,6_19.mp4
4,4_05.mp4,4_18.mp4,3_16.mp4
4,4_05.mp4,4_19.mp4,12_13.mp4
4,4_05.mp4,4_20.mp4,4_05.mp4
4,4_06.mp4,4_07.mp4,2_01.mp4
4,4_06.mp4,4_08.mp4,1_12.mp4
4,4_06.mp4,4_09.mp4,13_13.mp4
4,4_06.mp4,4_10.mp4,2_16.mp4
4,4_06.mp4,4_11.mp4,10_07.mp4
4,4_06.mp4,4_12.mp4,9_14.mp4
4,4_06.mp4,4_13.mp4,8_05.mp4
4,4_06.mp4,4_14.mp4,1_05.mp4
4,4_06.mp4,4_15.mp4,4_20.mp4
4,4_06.mp4,4_16.mp4,13_18.mp4
4,4_06.mp4,4_17.mp4,11_05.mp4
4,4_06.mp4,4_18.mp4,14_04.mp4
4,4_06.mp4,4_19.mp4,3_10.mp4
4,4_06.mp4,4_20.mp4,13_05.mp4
4,4_07.mp4,4_08.mp4,8_15.mp4
4,4_07.mp4,4_09.mp4,9_18.mp4
4,4_07.mp4,4_10.mp4,6_03.mp4
4,4_07.mp4,4_11.mp4,6_01.mp4
4,4_07.mp4,4_12.mp4,9_16.mp4
4,4_07.mp4,4_13.mp4,14_07.mp4
4,4_07.mp4,4_14.mp4,2_04.mp4
4,4_07.mp4,4_15.mp4,3_05.mp4
4,4_07.mp4,4_16.mp4,9_04.mp4
4,4_07.mp4,4_17.mp4,11_11.mp4
4,4_07.mp4,4_18.mp4,7_16.mp4
4,4_07.mp4,4_19.mp4,2_01.mp4
4,4_07.mp4,4_20.mp4,9_05.mp4
4,4_08.mp4,4_09.mp4,10_08.mp4
4,4_08.mp4,4_10.mp4,2_01.mp4
4,4_08.mp4,4_11.mp4,2_15.mp4
4,4_08.mp4,4_12.mp4,15_15.mp4
4,4_08.mp4,4_13.mp4,1_18.mp4
4,4_08.mp4,4_14.mp4,14_15.mp4
4,4_08.mp4,4_15.mp4,3_07.mp4
4,4_08.mp4,4_16.mp4,8_15.mp4
4,4_08.mp4,4_17.mp4,4_15.mp4
4,4_08.mp4,4_18.mp4,2_09.mp4
4,4_08.mp4,4_19.mp4,12_20.mp4
4,4_08.mp4,4_20.mp4,14_20.mp4
4,4_09.mp4,4_10.mp4,7_11.mp4
4,4_09.mp4,4_11.mp4,10_09.mp4
4,4_09.mp4,4_12.mp4,9_15.mp4
4,4_09.mp4,4_13.mp4,2_08.mp4
4,4_09.mp4,4_14.mp4,9_17.mp4
4,4_09.mp4,4_15.mp4,1_03.mp4
4,4_09.mp4,4_16.mp4,13_15.mp4
4,4_09.mp4,4_17.mp4,15_12.mp4
4,4_09.mp4,4_18.mp4,2_07.mp4
4,4_09.mp4,4_19.mp4,13_19.mp4
4,4_09.mp4,4_20.mp4,2_08.mp4
4,4_10.mp4,4_11.mp4,10_07.mp4
4,4_10.mp4,4_12.mp4,15_04.mp4
4,4_10.mp4,4_13.mp4,5_06.mp4
4,4_10.mp4,4_14.mp4,3_09.mp4
4,4_10.mp4,4_15.mp4,1_09.mp4
4,4_10.mp4,4_16.mp4,10_15.mp4
4,4_10.mp4,4_17.mp4,9_20.mp4
4,4_10.mp4,4_18.mp4,15_06.mp4
4,4_10.mp4,4_19.mp4,7_06.mp4
4,4_10.mp4,4_20.mp4,5_01.mp4
4,4_11.mp4,4_12.mp4,4_02.mp4
4,4_11.mp4,4_13.mp4,10_12.mp4
4,4_11.mp4,4_14.mp4,13_20.mp4
4,4_11.mp4,4_15.mp4,7_11.mp4
4,4_11.mp4,4_16.mp4,13_17.mp4
4,4_11.mp4,4_17.mp4,14_08.mp4
4,4_11.mp4,4_18.mp4,4_16.mp4
4,4_11.mp4,4_19.mp4,2_09.mp4
4,4_11.mp4,4_20.mp4,1_18.mp4
4,4_12.mp4,4_13.mp4,6_03.mp4
4,4_12.mp4,4_14.mp4,6_16.mp4
4,4_12.mp4,4_15.mp4,15_06.mp4
4,4_12.mp4,4_16.mp4,7_19.mp4
4,4_12.mp4,4_17.mp4,3_12.mp4
4,4_12.mp4,4_18.mp4,10_18.mp4
4,4_12.mp4,4_19.mp4,13_07.mp4
4,4_12.mp4,4_20.mp4,14_04.mp4
4,4_13.mp4,4_14.mp4,3_15.mp4
4,4_13.mp4,4_15.mp4,12_11.mp4
4,4_13.mp4,4_16.mp4,12_17.mp4
4,4_13.mp4,4_17.mp4,11_02.mp4
4,4_13.mp4,4_18.mp4,4_08.mp4
4,4_13.mp4,4_19.mp4,13_11.mp4
4,4_13.mp4,4_20.mp4,11_07.mp4
4,4_14.mp4,4_15.mp4,1_09.mp4
4,4_14.mp4,4_16.mp4,1_05.mp4
4,4_14.mp4,4_17.mp4,3_14.mp4
4,4_14.mp4,4_18.mp4,2_20.mp4
4,4_14.mp4,4_19.mp4,12_14.mp4
4,4_14.mp4,4_20.mp4,3_15.mp4
4,4_15.mp4,4_16.mp4,7_02.mp4
4,4_15.mp4,4_17.mp4,14_09.mp4
4,4_15.mp4,4_18.mp4,12_13.mp4
4,4_15.mp4,4_19.mp4,9_02.mp4
4,4_15.mp4,4_20.mp4,1_05.mp4
4,4_16.mp4,4_17.mp4,12_01.mp4
4,4_16.mp4,4_18.mp4,14_03.mp4
4,4_16.mp4,4_19.mp4,15_08.mp4
4,4_16.mp4,4_20.mp4,2_18.mp4
4,4_17.mp4,4_18.mp4,12_14.mp4
4,4_17.mp4,4_19.mp4,6_15.mp4
4,4_17.mp4,4_20.mp4,11_02.mp4
4,4_18.mp4,4_19.mp4,8_19.mp4
4,4_18.mp4,4_20.mp4,12_14.mp4
4,4_19.mp4,4_20.mp4,7_10.mp4
5,5_01.mp4,5_02.mp4,15_13.mp4
5,5_01.mp4,5_03.mp4,2_11.mp4
5,5_01.mp4,5_04.mp4,14_15.mp4
5,5_01.mp4,5_05.mp4,1_05.mp4
5,5_01.mp4,5_06.mp4,8_15.mp4
5,5_01.mp4,5_07.mp4,4_08.mp4
5,5_01.mp4,5_08.mp4,1_17.mp4
5,5_01.mp4,5_09.mp4,4_11.mp4
5,5_01.mp4,5_10.mp4,6_04.mp4
5,5_01.mp4,5_11.mp4,10_19.mp4
5,5_01.mp4,5_12.mp4,7_17.mp4
5,5_01.mp4,5_13.mp4,14_02.mp4
5,5_01.mp4,5_14.mp4,3_01.mp4
5,5_01.mp4,5_15.mp4,7_18.mp4
5,5_01.mp4,5_16.mp4,6_18.mp4
5,5_01.mp4,5_17.mp4,11_02.mp4
5,5_01.mp4,5_18.mp4,9_08.mp4
5,5_01.mp4,5_19.mp4,7_10.mp4
5,5_01.mp4,5_20.mp4,4_18.mp4
5,5_02.mp4,5_03.mp4,5_12.mp4
5,5_02.mp4,5_04.mp4,15_09.mp4
5,5_02.mp4,5_05.mp4,13_09.mp4
5,5_02.mp4,5_06.mp4,4_05.mp4
5,5_02.mp4,5_07.mp4,10_05.mp4
5,5_02.mp4,5_08.mp4,11_20.mp4
5,5_02.mp4,5_09.mp4,1_13.mp4
5,5_02.mp4,5_10.mp4,10_14.mp4
5,5_02.mp4,5_11.mp4,14_05.mp4
5,5_02.mp4,5_12.mp4,6_09.mp4
5,5_02.mp4,5_13.mp4,2_19.mp4
5,5_02.mp4,5_14.mp4,3_18.mp4
5,5_02.mp4,5_15.mp4,12_06.mp4
5,5_02.mp4,5_16.mp4,12_19.mp4
5,5_02.mp4,5_17.mp4,13_07.mp4
5,5_02.mp4,5_18.mp4,5_11.mp4
5,5_02.mp4,5_19.mp4,12_19.mp4
5,5_02.mp4,5_20.mp4,5_04.mp4
5,5_03.mp4,5_04.mp4,2_17.mp4
5,5_03.mp4,5_05.mp4,15_12.mp4
5,5_03.mp4,5_06.mp4,13_02.mp4
5,5_03.mp4,5_07.mp4,14_08.mp4
5,5_03.mp4,5_08.mp4,15_02.mp4
5,5_03.mp4,5_09.mp4,8_06.mp4
5,5_03.mp4,5_10.mp4,10_01.mp4
5,5_03.mp4,5_11.mp4,8_01.mp4
5,5_03.mp4,5_12.mp4,8_17.mp4
5,5_03.mp4,5_13.mp4,9_03.mp4
5,5_03.mp4,5_14.mp4,3_03.mp4
5,5_03.mp4,5_15.mp4,13_14.mp4
5,5_03.mp4,5_16.mp4,12_12.mp4
5,5_03.mp4,5_17.mp4,5_06.mp4
5,5_03.mp4,5_18.mp4,7_17.mp4
5,5_03.mp4,5_19.mp4,14_12.mp4
5,5_03.mp4,5_20.mp4,1_12.mp4
5,5_04.mp4,5_05.mp4,9_03.mp4
5,5_04.mp4,5_06.mp4,15_17.mp4
5,5_04.mp4,5_07.mp4,12_06.mp4
5,5_04.mp4,5_08.mp4,12_16.mp4
5,5_04.mp4,5_09.mp4,2_01.mp4
5,5_04.mp4,5_10.mp4,14_14.mp4
5,5_04.mp4,5_11.mp4,9_13.mp4
5,5_04.mp4,5_12.mp4,9_03.mp4
5,5_04.mp4,5_13.mp4,3_04.mp4
5,5_04.mp4,5_14.mp4,15_14.mp4
5,5_04.mp4,5_15.mp4,4_20.mp4
5,5_04.mp4,5_16.mp4,10_02.mp4
5,5_04.mp4,5_17.mp4,9_12.mp4
5,5_04.mp4,5_18.mp4,9_10.mp4
5,5_04.mp4,5_19.mp4,12_05.mp4
5,5_04.mp4,5_20.mp4,13_06.mp4
5,5_05.mp4,5_06.mp4,1_11.mp4
5,5_05.mp4,5_07.mp4,2_04.mp4
5,5_05.mp4,5_08.mp4,9_14.mp4
5,5_05.mp4,5_09.mp4,3_11.mp4
5,5_05.mp4,5_10.mp4,5_05.mp4
5,5_05.mp4,5_11.mp4,7_19.mp4
5,5_05.mp4,5_12.mp4,4_11.mp4
5,5_05.mp4,5_13.mp4,5_20.mp4
5,5_05.mp4,5_14.mp4,4_12.mp4
5,5_05.mp4,5_15.mp4,10_12.mp4
5,5_05.mp4,5_16.mp4,5_15.mp4
5,5_05.mp4,5_17.mp4,13_19.mp4
5,5_05.mp4,5_18.mp4,1_12.mp4
5,5_05.mp4,5_19.mp4,4_20.mp4
5,5_05.mp4,5_20.mp4,10_18.mp4
5,5_06.mp4,5_07.mp4,3_16.mp4
5,5_06.mp4,5_08.mp4,7_14.mp4
5,5_06.mp4,5_09.mp4,13_01.mp4
5,5_06.mp4,5_10.mp4,2_14.mp4
5,5_06.mp4,5_11.mp4,10_01.mp4
5,5_06.mp4,5_12.mp4,11_05.mp4
5,5_06.mp4,5_13.mp4,1_10.mp4
5,5_06.mp4,5_14.mp4,1_03.mp4
5,5_06.mp4,5_15.mp4,3_08.mp4
5,5_06.mp4,5_16.mp4,11_04.mp4
5,5_06.mp4,5_17.mp4,14_11.mp4
5,5_06.mp4,5_18.mp4,1_07.mp4
5,5_06.mp4,5_19.mp4,15_03.mp4
5,5_06.mp4,5_20.mp4,1_17.mp4
5,5_07.mp4,5_08.mp4,1_12.mp4
5,5_07.mp4,5_09.mp4,13_15.mp4
5,5_07.mp4,5_10.mp4,1_16.mp4
5,5_07.mp4,5_11.mp4,2_13.mp4
5,5_07.mp4,5_12.mp4,9_05.mp4
5,5_07.mp4,5_13.mp4,3_02.mp4
5,5_07.mp4,5_14.mp4,6_12.mp4
5,5_07.mp4,5_15.mp4,8_08.mp4
5,5_07.mp4,5_16.mp4,12_07.mp4
5,5_07.mp4,5_17.mp4,15_02.mp4
5,5_07.mp4,5_18.mp4,3_18.mp4
5,5_07.mp4,5_19.mp4,8_07.mp4
5,5_07.mp4,5_20.mp4,5_11.mp4
5,5_08.mp4,5_09.mp4,14_20.mp4
5,5_08.mp4,5_10.mp4,1_20.mp4
5,5_08.mp4,5_11.mp4,4_09.mp4
5,5_08.mp4,5_12.mp4,2_04.mp4
5,5_08.mp4,5_13.mp4,7_13.mp4
5,5_08.mp4,5_14.mp4,9_04.mp4
5,5_08.mp4,5_15.mp4,6_09.mp4
5,5_08.mp4,5_16.mp4,8_11.mp4
5,5_08.mp4,5_17.mp4,1_05.mp4
5,5_08.mp4,5_18.mp4,12_15.mp4
5,5_08.mp4,5_19.mp4,10_10.mp4
5,5_08.mp4,5_20.mp4,14_20.mp4
5,5_09.mp4,5_10.mp4,6_16.mp4
5,5_09.mp4,5_11.mp4,14_06.mp4
5,5_09.mp4,5_12.mp4,14_13.mp4
5,5_09.mp4,5_13.mp4,11_07.mp4
5,5_09.mp4,5_14.mp4,15_10.mp4
5,5_09.mp4,5_15.mp4,12_03.mp4
5,5_09.mp4,5_16.mp4,4_18.mp4
5,5_09.mp4,5_17.mp4,2_20.mp4
5,5_09.mp4,5_18.mp4,15_13.mp4
5,5_09.mp4,5_19.mp4,8_11.mp4
5,5_09.mp4,5_20.mp4,15_01.mp4
5,5_10.mp4,5_11.mp4,8_05.mp4
5,5_10.mp4,5_12.mp4,14_19.mp4
5,5_10.mp4,5_13.mp4,10_04.mp4
5,5_10.mp4,5_14.mp4,5_03.mp4
5,5_10.mp4,5_15.mp4,6_11.mp4
5,5_10.mp4,5_16.mp4,4_10.mp4
5,5_10.mp4,5_17.mp4,12_12.mp4
5,5_10.mp4,5_18.mp4,4_11.mp4
5,5_10.mp4,5_19.mp4,11_05.mp4
5,5_10.mp4,5_20.mp4,15_09.mp4
5,5_11.mp4,5_12.mp4,11_01.mp4
5,5_11.mp4,5_13.mp4,15_20.mp4
5,5_11.mp4,5_14.mp4,15_02.mp4
5,5_11.mp4,5_15.mp4,5_15.mp4
5,5_11.mp4,5_16.mp4,8_13.mp4
5,5_11.mp4,5_17.mp4,5_11.mp4
5,5_11.mp4,5_18.mp4,12_14.mp4
5,5_11.mp4,5_19.mp4,1_15.mp4
5,5_11.mp4,5_20.mp4,13_06.mp4
5,5_12.mp4,5_13.mp4,8_20.mp4
5,5_12.mp4,5_14.mp4,5_13.mp4
5,5_12.mp4,5_15.mp4,4_10.mp4
5,5_12.mp4,5_16.mp4,2_05.mp4
5,5_12.mp4,5_17.mp4,10_04.mp4
5,5_12.mp4,5_18.mp4,9_18.mp4
5,5_12.mp4,5_19.mp4,1_13.mp4
5,5_12.mp4,5_20.mp4,14_10.mp4
5,5_13.mp4,5_14.mp4,14_08.mp4
5,5_13.mp4,5_15.mp4,4_18.mp4
5,5_13.mp4,5_16.mp4,8_17.mp4
5,5_13.mp4,5_17.mp4,2_17.mp4
5,5_13.mp4,5_18.mp4,15_14.mp4
5,5_13.mp4,5_19.mp4,13_15.mp4
5,5_13.mp4,5_20.mp4,10_12.mp4
5,5_14.mp4,5_15.mp4,7_19.mp4
5,5_14.mp4,5_16.mp4,1_01.mp4
5,5_14.mp4,5_17.mp4,1_08.mp4
5,5_14.mp4,5_18.mp4,10_03.mp4
5,5_14.mp4,5_19.mp4,12_16.mp4
5,5_14.mp4,5_20.mp4,8_01.mp4
5,5_15.mp4,5_16.mp4,13_15.mp4
5,5_15.mp4,5_17.mp4,8_19.mp4
5,5_15.mp4,5_18.mp4,8_13.mp4
5,5_15.mp4,5_19.mp4,10_19.mp4
5,5_15.mp4,5_20.mp4,14_19.mp4
5,5_16.mp4,5_17.mp4,9_04.mp4
5,5_16.mp4,5_18.mp4,3_05.mp4
5,5_16.mp4,5_19.mp4,9_20.mp4
5,5_16.mp4,5_20.mp4,1_20.mp4
5,5_17.mp4,5_18.mp4,13_06.mp4
5,5_17.mp4,5_19.mp4,13_13.mp4
5,5_17.mp4,5_20.mp4,6_04.mp4
5,5_18.mp4,5_19.mp4,6_15.mp4
5,5_18.mp4,5_20.mp4,11_20.mp4
5,5_19.mp4,5_20.mp4,8_15.mp4
6,6_01.mp4,6_02.mp4,3_10.mp4
6,6_01.mp4,6_03.mp4,1_19.mp4
6,6_01.mp4,6_04.mp4,14_11.mp4
6,6_01.mp4,6_05.mp4,3_17.mp4
6,6_01.mp4,6_06.mp4,10_05.mp4
6,6_01.mp4,6_07.mp4,6_10.mp4
6,6_01.mp4,6_08.mp4,10_20.mp4
6,6_01.mp4,6_09.mp4,10_03.mp4
6,6_01.mp4,6_10.mp4,11_01.mp4
6,6_01.mp4,6_11.mp4,8_12.mp4
6,6_01.mp4,6_12.mp4,6_14.mp4
6,6_01.mp4,6_13.mp4,5_08.mp4
6,6_01.mp4,6_14.mp4,6_17.mp4
6,6_01.mp4,6_15.mp4,11_10.mp4
6,6_01.mp4,6_16.mp4,6_10.mp4
6,6_01.mp4,6_17.mp4,7_11.mp4
6,6_01.mp4,6_18.mp4,3_17.mp4
6,6_01.mp4,6_19.mp4,2_04.mp4
6,6_01.mp4,6_20.mp4,15_14.mp4
6,6_02.mp4,6_03.mp4,12_07.mp4
6,6_02.mp4,6_04.mp4,9_14.mp4
6,6_02.mp4,6_05.mp4,9_02.mp4
6,6_02.mp4,6_06.mp4,5_18.mp4
6,6_02.mp4,6_07.mp4,5_06.mp4
6,6_02.mp4,6_08.mp4,12_07.mp4
6,6_02.mp4,6_09.mp4,7_14.mp4
6,6_02.mp4,6_10.mp4,9_20.mp4
6,6_02.mp4,6_11.mp4,14_03.mp4
6,6_02.mp4,6_12.mp4,11_11.mp4
6,6_02.mp4,6_13.mp4,1_09.mp4
6,6_02.mp4,6_14.mp4,14_03.mp4
6,6_02.mp4,6_15.mp4,10_09.mp4
6,6_02.mp4,6_16.mp4,15_15.mp4
6,6_02.mp4,6_17.mp4,2_10.mp4
6,6_02.mp4,6_18.mp4,15_12.mp4
6,6_02.mp4,6_19.mp4,11_08.mp4
6,6_02.mp4,6_20.mp4,6_01.mp4
6,6_03.mp4,6_04.mp4,11_04.mp4
6,6_03.mp4,6_05.mp4,11_15.mp4
6,6_03.mp4,6_06.mp4,11_13.mp4
6,6_03.mp4,6_07.mp4,12_02.mp4
6,6_03.mp4,6_08.mp4,13_07.mp4
6,6_03.mp4,6_09.mp4,3_08.mp4
6,6_03.mp4,6_10.mp4,4_01.mp4
6,6_03.mp4,6_11.mp4,1_03.mp4
6,6_03.mp4,6_12.mp4,2_06.mp4
6,6_03.mp4,6_13.mp4,8_11.mp4
6,6_03.mp4,6_14.mp4,4_15.mp4
6,6_03.mp4,6_15.mp4,1_09.mp4
6,6_03.mp4,6_16.mp4,11_13.mp4
6,6_03.mp4,6_17.mp4,3_07.mp4
6,6_03.mp4,6_18.mp4,7_10.mp4
6,6_03.mp4,6_19.mp4,11_13.mp4
6,6_03.mp4,6_20.mp4,14_17.mp4
6,6_04.mp4,6_05.mp4,9_08.mp4
6,6_04.mp4,6_06.mp4,6_07.mp4
6,6_04.mp4,6_07.mp4,3_12.mp4
6,6_04.mp4,6_08.mp4,6_14.mp4
6,6_04.mp4,6_09.mp4,3_12.mp4
6,6_04.mp4,6_10.mp4,10_20.mp4
6,6_04.mp4,6_11.mp4,7_12.mp4
6,6_04.mp4,6_12.mp4,11_01.mp4
6,6_04.mp4,6_13.mp4,9_02.mp4
6,6_04.mp4,6_14.mp4,10_15.mp4
6,6_04.mp4,6_15.mp4,2_09.mp4
6,6_04.mp4,6_16.mp4,14_12.mp4
6,6_04.mp4,6_17.mp4,10_12.mp4
6,6_04.mp4,6_18.mp4,8_19.mp4
6,6_04.mp4,6_19.mp4,7_11.mp4
6,6_04.mp4,6_20.mp4,4_14.mp4
6,6_05.mp4,6_06.mp4,10_20.mp4
6,6_05.mp4,6_07.mp4,10_12.mp4
6,6_05.mp4,6_08.mp4,10_12.mp4
6,6_05.mp4,6_09.mp4,10_01.mp4
6,6_05.mp4,6_10.mp4,9_07.mp4
6,6_05.mp4,6_11.mp4,8_04.mp4
6,6_05.mp4,6_12.mp4,9_15.mp4
6,6_05.mp4,6_13.mp4,5_09.mp4
6,6_05.mp4,6_14.mp4,9_18.mp4
6,6_05.mp4,6_15.mp4,10_03.mp4
6,6_05.mp4,6_16.mp4,7_18.mp4
6,6_05.mp4,6_17.mp4,6_11.mp4
6,6_05.mp4,6_18.mp4,14_11.mp4
6,6_05.mp4,6_19.mp4,4_13.mp4
6,6_05.mp4,6_20.mp4,15_02.mp4
6,6_06.mp4,6_07.mp4,11_12.mp4
6,6_06.mp4,6_08.mp4,8_07.mp4
6,6_06.mp4,6_09.mp4,10_18.mp4
6,6_06.mp4,6_10.mp4,13_13.mp4
6,6_06.mp4,6_11.mp4,7_14.mp4
6,6_06.mp4,6_12.mp4,4_08.mp4
6,6_06.mp4,6_13.mp4,1_09.mp4
6,6_06.mp4,6_14.mp4,10_01.mp4
6,6_06.mp4,6_15.mp4,9_03.mp4
6,6_06.mp4,6_16.mp4,6_16.mp4
6,6_06.mp4,6_17.mp4,10_17.mp4
6,6_06.mp4,6_18.mp4,11_10.mp4
6,6_06.mp4,6_19.mp4,15_17.mp4
6,6_06.mp4,6_20.mp4,13_11.mp4
6,6_07.mp4,6_08.mp4,3_16.mp4
6,6_07.mp4,6_09.mp4,15_01.mp4
6,6_07.mp4,6_10.mp4,2_01.mp4
6,6_07.mp4,6_11.mp4,7_12.mp4
6,6_07.mp4,6_12.mp4,5_17.mp4
6,6_07.mp4,6_13.mp4,2_06.mp4
6,6_07.mp4,6_14.mp4,12_05.mp4
6,6_07.mp4,6_15.mp4,13_04.mp4
6,6_07.mp4,6_16.mp4,10_15.mp4
6,6_07.mp4,6_17.mp4,7_12.mp4
6,6_07.mp4,6_18.mp4,4_10.mp4
6,6_07.mp4,6_19.mp4,11_12.mp4
6,6_07.mp4,6_20.mp4,6_01.mp4
6,6_08.mp4,6_09.mp4,8_03.mp4
6,6_08.mp4,6_10.mp4,12_08.mp4
6,6_08.mp4,6_11.mp4,1_06.mp4
6,6_08.mp4,6_12.mp4,14_03.mp4
6,6_08.mp4,6_13.mp4,12_13.mp4
6,6_08.mp4,6_14.mp4,15_13.mp4
6,6_08.mp4,6_15.mp4,13_12.mp4
6,6_08.mp4,6_16.mp4,1_03.mp4
6,6_08.mp4,6_17.mp4,3_08.mp4
6,6_08.mp4,6_18.mp4,2_14.mp4
6,6_08.mp4,6_19.mp4,13_02.mp4
6,6_08.mp4,6_20.mp4,8_12.mp4
6,6_09.mp4,6_10.mp4,3_11.mp4
6,6_09.mp4,6_11.mp4,12_03.mp4
6,6_09.mp4,6_12.mp4,8_11.mp4
6,6_09.mp4,6_13.mp4,13_08.mp4
6,6_09.mp4,6_14.mp4,5_11.mp4
6,6_09.mp4,6_15.mp4,1_14.mp4
6,6_09.mp4,6_16.mp4,3_02.mp4
6,6_09.mp4,6_17.mp4,11_05.mp4
6,6_09.mp4,6_18.mp4,4_06.mp4
6,6_09.mp4,6_19.mp4,6_08.mp4
6,6_09.mp4,6_20.mp4,3_16.mp4
6,6_10.mp4,6_11.mp4,5_10.mp4
6,6_10.mp4,6_12.mp4,7_01.mp4
6,6_10.mp4,6_13.mp4,14_19.mp4
6,6_10.mp4,6_14.mp4,8_18.mp4
6,6_10.mp4,6_15.mp4,13_07.mp4
6,6_10.mp4,6_16.mp4,8_19.mp4
6,6_10.mp4,6_17.mp4,9_12.mp4
6,6_10.mp4,6_18.mp4,14_03.mp4
6,6_10.mp4,6_19.mp4,2_04.mp4
6,6_10.mp4,6_20.mp4,3_18.mp4
6,6_11.mp4,6_12.mp4,5_19.mp4
6,6_11.mp4,6_13.mp4,7_15.mp4
6,6_11.mp4,6_14.mp4,12_13.mp4
6,6_11.mp4,6_15.mp4,8_06.mp4
6,6_11.mp4,6_16.mp4,15_17.mp4
6,6_11.mp4,6_17.mp4,14_02.mp4
6,6_11.mp4,6_18.mp4,11_04.mp4
6,6_11.mp4,6_19.mp4,11_08.mp4
6,6_11.mp4,6_20.mp4,7_11.mp4
6,6_12.mp4,6_13.mp4,11_08.mp4
6,6_12.mp4,6_14.mp4,4_14.mp4
6,6_12.mp4,6_15.mp4,4_04.mp4
6,6_12.mp4,6_16.mp4,5_03.mp4
6,6_12.mp4,6_17.mp4,3_08.mp4
6,6_12.mp4,6_18.mp4,15_10.mp4
6,6_12.mp4,6_19.mp4,5_18.mp4
6,6_12.mp4,6_20.mp4,10_17.mp4
6,6_13.mp4,6_14.mp4,11_05.mp4
6,6_13.mp4,6_15.mp4,14_14.mp4
6,6_13.mp4,6_16.mp4,15_07.mp4
6,6_13.mp4,6_17.mp4,9_06.mp4
6,6_13.mp4,6_18.mp4,2_09.mp4
6,6_13.mp4,6_19.mp4,7_07.mp4
6,6_13.mp4,6_20.mp4,8_06.mp4
6,6_14.mp4,6_15.mp4,4_16.mp4
6,6_14.mp4,6_16.mp4,9_11.mp4
6,6_14.mp4,6_17.mp4,15_09.mp4
6,6_14.mp4,6_18.mp4,1_10.mp4
6,6_14.mp4,6_19.mp4,4_09.mp4
6,6_14.mp4,6_20.mp4,12_02.mp4
6,6_15.mp4,6_16.mp4,15_03.mp4
6,6_15.mp4,6_17.mp4,9_06.mp4
6,6_15.mp4,6_18.mp4,2_01.mp4
6,6_15.mp4,6_19.mp4,1_19.mp4
6,6_15.mp4,6_20.mp4,10_16.mp4
6,6_16.mp4,6_17.mp4,13_09.mp4
6,6_16.mp4,6_18.mp4,6_09.mp4
6,6_16.mp4,6_19.mp4,15_19.mp4
6,6_16.mp4,6_20.mp4,1_02.mp4
6,6_17.mp4,6_18.mp4,5_07.mp4
6,6_17.mp4,6_19.mp4,8_13.mp4
6,6_17.mp4,6_20.mp4,4_01.mp4
6,6_18.mp4,6_19.mp4,4_03.mp4
6,6_18.mp4,6_20.mp4,2_01.mp4
6,6_19.mp4,6_20.mp4,12_11.mp4
7,7_01.mp4,7_02.mp4,12_13.mp4
7,7_01.mp4,7_03.mp4,4_11.mp4
7,7_01.mp4,7_04.mp4,5_18.mp4
7,7_01.mp4,7_05.mp4,4_04.mp4
7,7_01.mp4,7_06.mp4,7_15.mp4
7,7_01.mp4,7_07.mp4,6_09.mp4
7,7_01.mp4,7_08.mp4,8_14.mp4
7,7_01.mp4,7_09.mp4,10_04.mp4
7,7_01.mp4,7_10.mp4,7_03.mp4
7,7_01.mp4,7_11.mp4,9_15.mp4
7,7_01.mp4,7_12.mp4,12_12.mp4
7,7_01.mp4,7_13.mp4,2_05.mp4
7,7_01.mp4,7_14.mp4,9_07.mp4
7,7_01.mp4,7_15.mp4,6_15.mp4
7,7_01.mp4,7_16.mp4,3_04.mp4
7,7_01.mp4,7_17.mp4,10_01.mp4
7,7_01.mp4,7_18.mp4,15_03.mp4
7,7_01.mp4,7_19.mp4,9_15.mp4
7,7_01.mp4,7_20.mp4,14_05.mp4
7,7_02.mp4,7_03.mp4,12_16.mp4
7,7_02.mp4,7_04.mp4,9_09.mp4
7,7_02.mp4,7_05.mp4,2_19.mp4
7,7_02.mp4,7_06.mp4,11_16.mp4
7,7_02.mp4,7_07.mp4,14_05.mp4
7,7_02.mp4,7_08.mp4,8_20.mp4
7,7_02.mp4,7_09.mp4,8_10.mp4
7,7_02.mp4,7_10.mp4,8_04.mp4
7,7_02.mp4,7_11.mp4,9_05.mp4
7,7_02.mp4,7_12.mp4,11_19.mp4
7,7_02.mp4,7_13.mp4,2_03.mp4
7,7_02.mp4,7_14.mp4,3_19.mp4
7,7_02.mp4,7_15.mp4,11_04.mp4
7,7_02.mp4,7_16.mp4,4_05.mp4
7,7_02.mp4,7_17.mp4,13_06.mp4
7,7_02.mp4,7_18.mp4,6_02.mp4
7,7_02.mp4,7_19.mp4,5_02.mp4
7,7_02.mp4,7_20.mp4,6_20.mp4
7,7_03.mp4,7_04.mp4,6_08.mp4
7,7_03.mp4,7_05.mp4,9_17.mp4
7,7_03.mp4,7_06.mp4,6_18.mp4
7,7_03.mp4,7_07.mp4,5_10.mp4
7,7_03.mp4,7_08.mp4,12_07.mp4
7,7_03.mp4,7_09.mp4,13_15.mp4
7,7_03.mp4,7_10.mp4,4_20.mp4
7,7_03.mp4,7_11.mp4,15_17.mp4
7,7_03.mp4,7_12.mp4,14_07.mp4
7,7_03.mp4,7_13.mp4,7_06.mp4
7,7_03.mp4,7_14.mp4,14_04.mp4
7,7_03.mp4,7_15.mp4,14_18.mp4
7,7_03.mp4,7_16.mp4,12_09.mp4
7,7_03.mp4,7_17.mp4,13_12.mp4
7,7_03.mp4,7_18.mp4,12_15.mp4
7,7_03.mp4,7_19.mp4,14_16.mp4
7,7_03.mp4,7_20.mp4,7_01.mp4
7,7_04.mp4,7_05.mp4,14_18.mp4
7,7_04.mp4,7_06.mp4,2_01.mp4
7,7_04.mp4,7_07.mp4,8_02.mp4
7,7_04.mp4,7_08.mp4,4_04.mp4
7,7_04.mp4,7_09.mp4,10_04.mp4
7,7_04.mp4,7_10.mp4,15_13.mp4
7,7_04.mp4,7_11.mp4,13_06.mp4
7,7_04.mp4,7_12.mp4,10_15.mp4
7,7_04.mp4,7_13.mp4,10_06.mp4
7,7_04.mp4,7_14.mp4,13_15.mp4
7,7_04.mp4,7_15.mp4,8_12.mp4
7,7_04.mp4,7_16.mp4,4_14.mp4
7,7_04.mp4,7_17.mp4,6_05.mp4
7,7_04.mp4,7_18.mp4,13_14.mp4
7,7_04.mp4,7_19.mp4,12_01.mp4
7,7_04.mp4,7_20.mp4,6_01.mp4
7,7_05.mp4,7_06.mp4,12_04.mp4
7,7_05.mp4,7_07.mp4,8_10.mp4
7,7_05.mp4,7_08.mp4,4_01.mp4
7,7_05.mp4,7_09.mp4,14_10.mp4
7,7_05.mp4,7_10.mp4,13_16.mp4
7,7_05.mp4,7_11.mp4,13_05.mp4
7,7_05.mp4,7_12.mp4,11_20.mp4
7,7_05.mp4,7_13.mp4,11_07.mp4
7,7_05.mp4,7_14.mp4,9_08.mp4
7,7_05.mp4,7_15.mp4,10_02.mp4
7,7_05.mp4,7_16.mp4,11_18.mp4
7,7_05.mp4,7_17.mp4,4_13.mp4
7,7_05.mp4,7_18.mp4,12_15.mp4
7,7_05.mp4,7_19.mp4,12_02.mp4
7,7_05.mp4,7_20.mp4,11_07.mp4
7,7_06.mp4,7_07.mp4,12_19.mp4
7,7_06.mp4,7_08.mp4,2_02.mp4
7,7_06.mp4,7_09.mp4,6_18.mp4
7,7_06.mp4,7_10.mp4,14_10.mp4
7,7_06.mp4,7_11.mp4,12_14.mp4
7,7_06.mp4,7_12.mp4,5_07.mp4
7,7_06.mp4,7_13.mp4,4_20.mp4
7,7_06.mp4,7_14.mp4,3_14.mp4
7,7_06.mp4,7_15.mp4,5_08.mp4
7,7_06.mp4,7_16.mp4,10_16.mp4
7,7_06.mp4,7_17.mp4,4_06.mp4
7,7_06.mp4,7_18.mp4,15_01.mp4
7,7_06.mp4,7_19.mp4,11_08.mp4
7,7_06.mp4,7_20.mp4,2_15.mp4
7,7_07.mp4,7_08.mp4,11_12.mp4
7,7_07.mp4,7_09.mp4,10_07.mp4
7,7_07.mp4,7_10.mp4,5_12.mp4
7,7_07.mp4,7_11.mp4,1_12.mp4
7,7_07.mp4,7_12.mp4,2_20.mp4
7,7_07.mp4,7_13.mp4,7_10.mp4
7,7_07.mp4,7_14.mp4,12_20.mp4
7,7_07.mp4,7_15.mp4,8_01.mp4
7,7_07.mp4,7_16.mp4,6_03.mp4
7,7_07.mp4,7_17.mp4,11_16.mp4
7,7_07.mp4,7_18.mp4,6_15.mp4
7,7_07.mp4,7_19.mp4,3_19.mp4
7,7_07.mp4,7_20.mp4,12_12.mp4
7,7_08.mp4,7_09.mp4,10_19.mp4
7,7_08.mp4,7_10.mp4,11_11.mp4
7,7_08.mp4,7_11.mp4,5_07.mp4
7,7_08.mp4,7_12.mp4,3_11.mp4
7,7_08.mp4,7_13.mp4,6_13.mp4
7,7_08.mp4,7_14.mp4,6_15.mp4
7,7_08.mp4,7_15.mp4,9_09.mp4
7,7_08.mp4,7_16.mp4,12_05.mp4
7,7_08.mp4,7_17.mp4,6_09.mp4
7,7_08.mp4,7_18.mp4,8_07.mp4
7,7_08.mp4,7_19.mp4,14_05.mp4
7,7_08.mp4,7_20.mp4,11_09.mp4
7,7_09.mp4,7_10.mp4,13_07.mp4
7,7_09.mp4,7_11.mp4,6_12.mp4
7,7_09.mp4,7_12.mp4,5_17.mp4
7,7_09.mp4,7_13.mp4,4_10.mp4
7,7_09.mp4,7_14.mp4,11_11.mp4
7,7_09.mp4,7_15.mp4,15_13.mp4
7,7_09.mp4,7_16.mp4,9_19.mp4
7,7_09.mp4,7_17.mp4,14_01.mp4
7,7_09.mp4,7_18.mp4,12_13.mp4
7,7_09.mp4,7_19.mp4,5_12.mp4
7,7_09.mp4,7_20.mp4,14_13.mp4
7,7_10.mp4,7_11.mp4,4_11.mp4
7,7_10.mp4,7_12.mp4,14_07.mp4
7,7_10.mp4,7_13.mp4,10_06.mp4
7,7_10.mp4,7_14.mp4,14_11.mp4
7,7_10.mp4,7_15.mp4,15_07.mp4
7,7_10.mp4,7_16.mp4,12_04.mp4
7,7_10.mp4,7_17.mp4,4_08.mp4
7,7_10.mp4,7_18.mp4,9_18.mp4
7,7_10.mp4,7_19.mp4,5_18.mp4
7,7_10.mp4,7_20.mp4,6_09.mp4
7,7_11.mp4,7_12.mp4,2_13.mp4
7,7_11.mp4,7_13.mp4,4_19.mp4
7,7_11.mp4,7_14.mp4,5_16.mp4
7,7_11.mp4,7_15.mp4,5_13.mp4
7,7_11.mp4,7_16.mp4,1_04.mp4
7,7_11.mp4,7_17.mp4,15_16.mp4
7,7_11.mp4,7_18.mp4,6_04.mp4
7,7_11.mp4,7_19.mp4,9_20.mp4
7,7_11.mp4,7_20.mp4,1_04.mp4
7,7_12.mp4,7_13.mp4,12_02.mp4
7,7_12.mp4,7_14.mp4,1_02.mp4
7,7_12.mp4,7_15.mp4,6_06.mp4
7,7_12.mp4,7_16.mp4,10_19.mp4
7,7_12.mp4,7_17.mp4,8_19.mp4
7,7_12.mp4,7_18.mp4,11_09.mp4
7,7_12.mp4,7_19.mp4,5_09.mp4
7,7_12.mp4,7_20.mp4,12_07.mp4
7,7_13.mp4,7_14.mp4,4_15.mp4
7,7_13.mp4,7_15.mp4,14_15.mp4
7,7_13.mp4,7_16.mp4,3_08.mp4
7,7_13.mp4,7_17.mp4,14_11.mp4
7,7_13.mp4,7_18.mp4,11_04.mp4
7,7_13.mp4,7_19.mp4,12_01.mp4
7,7_13.mp4,7_20.mp4,6_08.mp4
7,7_14.mp4,7_15.mp4,9_07.mp4
7,7_14.mp4,7_16.mp4,14_11.mp4
7,7_14.mp4,7_17.mp4,6_05.mp4
7,7_14.mp4,7_18.mp4,8_10.mp4
7,7_14.mp4,7_19.mp4,5_03.mp4
7,7_14.mp4,7_20.mp4,12_06.mp4
7,7_15.mp4,7_16.mp4,5_05.mp4
7,7_15.mp4,7_17.mp4,1_10.mp4
7,7_15.mp4,7_18.mp4,4_11.mp4
7,7_15.mp4,7_19.mp4,6_09.mp4
7,7_15.mp4,7_20.mp4,5_12.mp4
7,7_16.mp4,7_17.mp4,1_10.mp4
7,7_16.mp4,7_18.mp4,2_08.mp4
7,7_16.mp4,7_19.mp4,3_20.mp4
7,7_16.mp4,7_20.mp4,6_11.mp4
7,7_17.mp4,7_18.mp4,4_13.mp4
7,7_17.mp4,7_19.mp4,12_15.mp4
7,7_17.mp4,7_20.mp4,10_17.mp4
7,7_18.mp4,7_19.mp4,1_14.mp4
7,7_18.mp4,7_20.mp4,9_09.mp4
7,7_19.mp4,7_20.mp4,1_14.mp4
8,8_01.mp4,8_02.mp4,11_12.mp4
8,8_01.mp4,8_03.mp4,7_10.mp4
8,8_01.mp4,8_04.mp4,11_12.mp4
8,8_01.mp4,8_05.mp4,7_07.mp4
8,8_01.mp4,8_06.mp4,8_12.mp4
8,8_01.mp4,8_07.mp4,14_16.mp4
8,8_01.mp4,8_08.mp4,8_03.mp4
8,8_01.mp4,8_09.mp4,11_14.mp4
8,8_01.mp4,8_10.mp4,9_04.mp4
8,8_01.mp4,8_11.mp4,10_13.mp4
8,8_01.mp4,8_12.mp4,1_05.mp4
8,8_01.mp4,8_13.mp4,13_19.mp4
8,8_01.mp4,8_14.mp4,7_11.mp4
8,8_01.mp4,8_15.mp4,9_19.mp4
8,8_01.mp4,8_16.mp4,14_03.mp4
8,8_01.mp4,8_17.mp4,15_12.mp4
8,8_01.mp4,8_18.mp4,7_04.mp4
8,8_01.mp4,8_19.mp4,15_13.mp4
8,8_01.mp4,8_20.mp4,11_06.mp4
8,8_02.mp4,8_03.mp4,7_07.mp4
8,8_02.mp4,8_04.mp4,14_06.mp4
8,8_02.mp4,8_05.mp4,1_05.mp4
8,8_02.mp4,8_06.mp4,13_16.mp4
8,8_02.mp4,8_07.mp4,13_05.mp4
8,8_02.mp4,8_08.mp4,6_13.mp4
8,8_02.mp4,8_09.mp4,2_03.mp4
8,8_02.mp4,8_10.mp4,10_06.mp4
8,8_02.mp4,8_11.mp4,15_16.mp4
8,8_02.mp4,8_12.mp4,10_01.mp4
8,8_02.mp4,8_13.mp4,1_15.mp4
8,8_02.mp4,8_14.mp4,3_14.mp4
8,8_02.mp4,8_15.mp4,8_17.mp4
8,8_02.mp4,8_16.mp4,11_18.mp4
8,8_02.mp4,8_17.mp4,5_16.mp4
8,8_02.mp4,8_18.mp4,1_03.mp4
8,8_02.mp4,8_19.mp4,4_14.mp4
8,8_02.mp4,8_20.mp4,3_07.mp4
8,8_03.mp4,8_04.mp4,1_16.mp4
8,8_03.mp4,8_05.mp4,4_20.mp4
8,8_03.mp4,8_06.mp4,12_15.mp4
8,8_03.mp4,8_07.mp4,10_16.mp4
8,8_03.mp4,8_08.mp4,15_20.mp4
8,8_03.mp4,8_09.mp4,14_13.mp4
8,8_03.mp4,8_10.mp4,8_18.mp4
8,8_03.mp4,8_11.mp4,13_03.mp4
8,8_03.mp4,8_12.mp4,5_17.mp4
8,8_03.mp4,8_13.mp4,15_14.mp4
8,8_03.mp4,8_14.mp4,3_19.mp4
8,8_03.mp4,8_15.mp4,5_18.mp4
8,8_03.mp4,8_16.mp4,6_11.mp4
8,8_03.mp4,8_17.mp4,12_06.mp4
8,8_03.mp4,8_18.mp4,2_19.mp4
8,8_03.mp4,8_19.mp4,4_02.mp4
8,8_03.mp4,8_20.mp4,12_07.mp4
8,8_04.mp4,8_05.mp4,4_05.mp4
8,8_04.mp4,8_06.mp4,13_20.mp4
8,8_04.mp4,8_07.mp4,4_11.mp4
8,8_04.mp4,8_08.mp4,4_14.mp4
8,8_04.mp4,8_09.mp4,14_20.mp4
8,8_04.mp4,8_10.mp4,6_11.mp4
8,8_04.mp4,8_11.mp4,12_02.mp4
8,8_04.mp4,8_12.mp4,5_18.mp4
8,8_04.mp4,8_13.mp4,2_11.mp4
8,8_04.mp4,8_14.mp4,7_17.mp4
8,8_04.mp4,8_15.mp4,2_14.mp4
8,8_04.mp4,8_16.mp4,11_09.mp4
8,8_04.mp4,8_17.mp4,1_14.mp4
8,8_04.mp4,8_18.mp4,8_20.mp4
8,8_04.mp4,8_19.mp4,10_07.mp4
8,8_04.mp4,8_20.mp4,11_05.mp4
8,8_05.mp4,8_06.mp4,7_05.mp4
8,8_05.mp4,8_07.mp4,9_15.mp4
8,8_05.mp4,8_08.mp4,12_07.mp4
8,8_05.mp4,8_09.mp4,12_18.mp4
8,8_05.mp4,8_10.mp4,10_02.mp4
8,8_05.mp4,8_11.mp4,9_10.mp4
8,8_05.mp4,8_12.mp4,2_09.mp4
8,8_05.mp4,8_13.mp4,9_16.mp4
8,8_05.mp4,8_14.mp4,14_19.mp4
8,8_05.mp4,8_15.mp4,7_02.mp4
8,8_05.mp4,8_16.mp4,2_09.mp4
8,8_05.mp4,8_17.mp4,3_08.mp4
8,8_05.mp4,8_18.mp4,1_08.mp4
8,8_05.mp4,8_19.mp4,10_05.mp4
8,8_05.mp4,8_20.mp4,12_07.mp4
8,8_06.mp4,8_07.mp4,1_14.mp4
8,8_06.mp4,8_08.mp4,6_15.mp4
8,8_06.mp4,8_09.mp4,7_02.mp4
8,8_06.mp4,8_10.mp4,13_07.mp4
8,8_06.mp4,8_11.mp4,2_13.mp4
8,8_06.mp4,8_12.mp4,5_15.mp4
8,8_06.mp4,8_13.mp4,14_13.mp4
8,8_06.mp4,8_14.mp4,11_08.mp4
8,8_06.mp4,8_15.mp4,1_12.mp4
8,8_06.mp4,8_16.mp4,12_06.mp4
8,8_06.mp4,8_17.mp4,6_17.mp4
8,8_06.mp4,8_18.mp4,9_04.mp4
8,8_06.mp4,8_19.mp4,2_07.mp4
8,8_06.mp4,8_20.mp4,15_18.mp4
8,8_07.mp4,8_08.mp4,8_18.mp4
8,8_07.mp4,8_09.mp4,3_17.mp4
8,8_07.mp4,8_10.mp4,6_13.mp4
8,8_07.mp4,8_11.mp4,12_06.mp4
8,8_07.mp4,8_12.mp4,14_04.mp4
8,8_07.mp4,8_13.mp4,7_15.mp4
8,8_07.mp4,8_14.mp4,5_09.mp4
8,8_07.mp4,8_15.mp4,13_18.mp4
8,8_07.mp4,8_16.mp4,3_03.mp4
8,8_07.mp4,8_17.mp4,12_13.mp4
8,8_07.mp4,8_18.mp4,14_09.mp4
8,8_07.mp4,8_19.mp4,1_04.mp4
8,8_07.mp4,8_20.mp4,10_01.mp4
8,8_08.mp4,8_09.mp4,9_07.mp4
8,8_08.mp4,8_10.mp4,6_20.mp4
8,8_08.mp4,8_11.mp4,2_04.mp4
8,8_08.mp4,8_12.mp4,4_03.mp4
8,8_08.mp4,8_13.mp4,9_11.mp4
8,8_08.mp4,8_14.mp4,7_16.mp4
8,8_08.mp4,8_15.mp4,4_20.mp4
8,8_08.mp4,8_16.mp4,8_02.mp4
8,8_08.mp4,8_17.mp4,3_14.mp4
8,8_08.mp4,8_18.mp4,10_03.mp4
8,8_08.mp4,8_19.mp4,7_08.mp4
8,8_08.mp4,8_20.mp4,15_19.mp4
8,8_09.mp4,8_10.mp4,1_17.mp4
8,8_09.mp4,8_11.mp4,6_15.mp4
8,8_09.mp4,8_12.mp4,15_12.mp4
8,8_09.mp4,8_13.mp4,10_11.mp4
8,8_09.mp4,8_14.mp4,13_17.mp4
8,8_09.mp4,8_15.mp4,12_14.mp4
8,8_09.mp4,8_16.mp4,15_07.mp4
8,8_09.mp4,8_17.mp4,9_14.mp4
8,8_09.mp4,8_18.mp4,7_11.mp4
8,8_09.mp4,8_19.mp4,12_05.mp4
8,8_09.mp4,8_20.mp4,11_02.mp4
8,8_10.mp4,8_11.mp4,14_03.mp4
8,8_10.mp4,8_12.mp4,10_03.mp4
8,8_10.mp4,8_13.mp4,11_05.mp4
8,8_10.mp4,8_14.mp4,13_20.mp4
8,8_10.mp4,8_15.mp4,5_05.mp4
8,8_10.mp4,8_16.mp4,10_04.mp4
8,8_10.mp4,8_17.mp4,5_17.mp4
8,8_10.mp4,8_18.mp4,3_20.mp4
8,8_10.mp4,8_19.mp4,10_14.mp4
8,8_10.mp4,8_20.mp4,1_18.mp4
8,8_11.mp4,8_12.mp4,3_05.mp4
8,8_11.mp4,8_13.mp4,3_18.mp4
8,8_11.mp4,8_14.mp4,15_10.mp4
8,8_11.mp4,8_15.mp4,7_19.mp4
8,8_11.mp4,8_16.mp4,9_08.mp4
8,8_11.mp4,8_17.mp4,2_01.mp4
8,8_11.mp4,8_18.mp4,15_08.mp4
8,8_11.mp4,8_19.mp4,12_08.mp4
8,8_11.mp4,8_20.mp4,2_01.mp4
8,8_12.mp4,8_13.mp4,2_06.mp4
8,8_12.mp4,8_14.mp4,8_09.mp4
8,8_12.mp4,8_15.mp4,6_06.mp4
8,8_12.mp4,8_16.mp4,12_17.mp4
8,8_12.mp4,8_17.mp4,7_20.mp4
8,8_12.mp4,8_18.mp4,12_14.mp4
8,8_12.mp4,8_19.mp4,3_07.mp4
8,8_12.mp4,8_20.mp4,1_14.mp4
8,8_13.mp4,8_14.mp4,8_17.mp4
8,8_13.mp4,8_15.mp4,5_10.mp4
8,8_13.mp4,8_16.mp4,13_07.mp4
8,8_13.mp4,8_17.mp4,11_06.mp4
8,8_13.mp4,8_18.mp4,15_07.mp4
8,8_13.mp4,8_19.mp4,4_19.mp4
8,8_13.mp4,8_20.mp4,2_06.mp4
8,8_14.mp4,8_15.mp4,4_12.mp4
8,8_14.mp4,8_16.mp4,12_17.mp4
8,8_14.mp4,8_17.mp4,13_05.mp4
8,8_14.mp4,8_18.mp4,4_19.mp4
8,8_14.mp4,8_19.mp4,3_19.mp4
8,8_14.mp4,8_20.mp4,8_16.mp4
8,8_15.mp4,8_16.mp4,10_15.mp4
8,8_15.mp4,8_17.mp4,9_14.mp4
8,8_15.mp4,8_18.mp4,14_18.mp4
8,8_15.mp4,8_19.mp4,8_06.mp4
8,8_15.mp4,8_20.mp4,10_12.mp4
8,8_16.mp4,8_17.mp4,9_11.mp4
8,8_16.mp4,8_18.mp4,1_15.mp4
8,8_16.mp4,8_19.mp4,14_04.mp4
8,8_16.mp4,8_20.mp4,11_06.mp4
8,8_17.mp4,8_18.mp4,6_03.mp4
8,8_17.mp4,8_19.mp4,5_10.mp4
8,8_17.mp4,8_20.mp4,13_18.mp4
8,8_18.mp4,8_19.mp4,9_14.mp4
8,8_18.mp4,8_20.mp4,1_17.mp4
8,8_19.mp4,8_20.mp4,6_02.mp4
9,9_01.mp4,9_02.mp4,7_06.mp4
9,9_01.mp4,9_03.mp4,5_08.mp4
9,9_01.mp4,9_04.mp4,3_18.mp4
9,9_01.mp4,9_05.mp4,14_12.mp4
9,9_01.mp4,9_06.mp4,14_17.mp4
9,9_01.mp4,9_07.mp4,8_20.mp4
9,9_01.mp4,9_08.mp4,14_08.mp4
9,9_01.mp4,9_09.mp4,12_13.mp4
9,9_01.mp4,9_10.mp4,13_12.mp4
9,9_01.mp4,9_11.mp4,15_08.mp4
9,9_01.mp4,9_12.mp4,6_02.mp4
9,9_01.mp4,9_13.mp4,6_15.mp4
9,9_01.mp4,9_14.mp4,6_20.mp4
9,9_01.mp4,9_15.mp4,7_09.mp4
9,9_01.mp4,9_16.mp4,8_19.mp4
9,9_01.mp4,9_17.mp4,1_11.mp4
9,9_01.mp4,9_18.mp4,13_14.mp4
9,9_01.mp4,9_19.mp4,10_12.mp4
9,9_01.mp4,9_20.mp4,5_03.mp4
9,9_02.mp4,9_03.mp4,2_03.mp4
9,9_02.mp4,9_04.mp4,6_11.mp4
9,9_02.mp4,9_05.mp4,15_11.mp4
9,9_02.mp4,9_06.mp4,15_02.mp4
9,9_02.mp4,9_07.mp4,3_19.mp4
9,9_02.mp4,9_08.mp4,13_05.mp4
9,9_02.mp4,9_09.mp4,10_04.mp4
9,9_02.mp4,9_10.mp4,6_08.mp4
9,9_02.mp4,9_11.mp4,12_05.mp4
9,9_02.mp4,9_12.mp4,4_20.mp4
9,9_02.mp4,9_13.mp4,3_10.mp4
9,9_02.mp4,9_14.mp4,6_11.mp4
9,9_02.mp4,9_15.mp4,4_08.mp4
9,9_02.mp4,9_16.mp4,10_08.mp4
9,9_02.mp4,9_17.mp4,13_12.mp4
9,9_02.mp4,9_18.mp4,3_10.mp4
9,9_02.mp4,9_19.mp4,6_04.mp4
9,9_02.mp4,9_20.mp4,15_01.mp4
9,9_03.mp4,9_04.mp4,13_13.mp4
9,9_03.mp4,9_05.mp4,6_17.mp4
9,9_03.mp4,9_06.mp4,11_19.mp4
9,9_03.mp4,9_07.mp4,9_05.mp4
9,9_03.mp4,9_08.mp4,8_11.mp4
9,9_03.mp4,9_09.mp4,6_10.mp4
9,9_03.mp4,9_10.mp4,2_12.mp4
9,9_03.mp4,9_11.mp4,1_06.mp4
9,9_03.mp4,9_12.mp4,12_17.mp4
9,9_03.mp4,9_13.mp4,15_14.mp4
9,9_03.mp4,9_14.mp4,6_11.mp4
9,9_03.mp4,9_15.mp4,8_17.mp4
9,9_03.mp4,9_16.mp4,8_09.mp4
9,9_03.mp4,9_17.mp4,15_20.mp4
9,9_03.mp4,9_18.mp4,5_14.mp4
9,9_03.mp4,9_19.mp4,8_15.mp4
9,9_03.mp4,9_20.mp4,15_16.mp4
9,9_04.mp4,9_05.mp4,5_15.mp4
9,9_04.mp4,9_06.mp4,11_08.mp4
9,9_04.mp4,9_07.mp4,7_04.mp4
9,9_04.mp4,9_08.mp4,1_07.mp4
9,9_04.mp4,9_09.mp4,11_13.mp4
9,9_04.mp4,9_10.mp4,6_09.mp4
9,9_04.mp4,9_11.mp4,15_14.mp4
9,9_04.mp4,9_12.mp4,6_08.mp4
9,9_04.mp4,9_13.mp4,5_20.mp4
9,9_04.mp4,9_14.mp4,13_08.mp4
9,9_04.mp4,9_15.mp4,7_09.mp4
9,9_04.mp4,9_16.mp4,14_20.mp4
9,9_04.mp4,9_17.mp4,13_09.mp4
9,9_04.mp4,9_18.mp4,15_09.mp4
9,9_04.mp4,9_19.mp4,2_19.mp4
9,9_04.mp4,9_20.mp4,6_02.mp4
9,9_05.mp4,9_06.mp4,9_12.mp4
9,9_05.mp4,9_07.mp4,1_11.mp4
9,9_05.mp4,9_08.mp4,14_14.mp4
9,9_05.mp4,9_09.mp4,1_02.mp4
9,9_05.mp4,9_10.mp4,8_17.mp4
9,9_05.mp4,9_11.mp4,12_19.mp4
9,9_05.mp4,9_12.mp4,11_08.mp4
9,9_05.mp4,9_13.mp4,12_11.mp4
9,9_05.mp4,9_14.mp4,6_18.mp4
9,9_05.mp4,9_15.mp4,5_14.mp4
9,9_05.mp4,9_16.mp4,15_11.mp4
9,9_05.mp4,9_17.mp4,5_12.mp4
9,9_05.mp4,9_18.mp4,11_14.mp4
9,9_05.mp4,9_19.mp4,6_18.mp4
9,9_05.mp4,9_20.mp4,7_01.mp4
9,9_06.mp4,9_07.mp4,14_09.mp4
9,9_06.mp4,9_08.mp4,1_09.mp4
9,9_06.mp4,9_09.mp4,12_10.mp4
9,9_06.mp4,9_10.mp4,5_06.mp4
9,9_06.mp4,9_11.mp4,9_08.mp4
9,9_06.mp4,9_12.mp4,14_10.mp4
9,9_06.mp4,9_13.mp4,4_13.mp4
9,9_06.mp4,9_14.mp4,8_16.mp4
9,9_06.mp4,9_15.mp4,3_09.mp4
9,9_06.mp4,9_16.mp4,5_09.mp4
9,9_06.mp4,9_17.mp4,4_13.mp4
9,9_06.mp4,9_18.mp4,12_02.mp4
9,9_06.mp4,9_19.mp4,13_15.mp4
9,9_06.mp4,9_20.mp4,10_10.mp4
9,9_07.mp4,9_08.mp4,13_04.mp4
9,9_07.mp4,9_09.mp4,14_03.mp4
9,9_07.mp4,9_10.mp4,5_06.mp4
9,9_07.mp4,9_11.mp4,12_01.mp4
9,9_07.mp4,9_12.mp4,7_08.mp4
9,9_07.mp4,9_13.mp4,3_06.mp4
9,9_07.mp4,9_14.mp4,9_04.mp4
9,9_07.mp4,9_15.mp4,2_08.mp4
9,9_07.mp4,9_16.mp4,9_20.mp4
9,9_07.mp4,9_17.mp4,7_19.mp4
9,9_07.mp4,9_18.mp4,3_18.mp4
9,9_07.mp4,9_19.mp4,9_06.mp4
9,9_07.mp4,9_20.mp4,2_14.mp4
9,9_08.mp4,9_09.mp4,8_12.mp4
9,9_08.mp4,9_10.mp4,10_03.mp4
9,9_08.mp4,9_11.mp4,12_01.mp4
9,9_08.mp4,9_12.mp4,15_08.mp4
9,9_08.mp4,9_13.mp4,7_08.mp4
9,9_08.mp4,9_14.mp4,5_18.mp4
9,9_08.mp4,9_15.mp4,2_05.mp4
9,9_08.mp4,9_16.mp4,3_16.mp4
9,9_08.mp4,9_17.mp4,11_09.mp4
9,9_08.mp4,9_18.mp4,13_20.mp4
9,9_08.mp4,9_19.mp4,8_06.mp4
9,9_08.mp4,9_20.mp4,3_02.mp4
9,9_09.mp4,9_10.mp4,3_13.mp4
9,9_09.mp4,9_11.mp4,14_20.mp4
9,9_09.mp4,9_12.mp4,15_02.mp4
9,9_09.mp4,9_13.mp4,5_03.mp4
9,9_09.mp4,9_14.mp4,2_07.mp4
9,9_09.mp4,9_15.mp4,4_19.mp4
9,9_09.mp4,9_16.mp4,14_01.mp4
9,9_09.mp4,9_17.mp4,15_10.mp4
9,9_09.mp4,9_18.mp4,8_10.mp4
9,9_09.mp4,9_19.mp4,15_05.mp4
9,9_09.mp4,9_20.mp4,5_13.mp4
9,9_10.mp4,9_11.mp4,4_09.mp4
9,9_10.mp4,9_12.mp4,2_10.mp4
9,9_10.mp4,9_13.mp4,6_11.mp4
9,9_10.mp4,9_14.mp4,9_02.mp4
9,9_10.mp4,9_15.mp4,1_13.mp4
9,9_10.mp4,9_16.mp4,1_19.mp4
9,9_10.mp4,9_17.mp4,13_11.mp4
9,9_10.mp4,9_18.mp4,1_05.mp4
9,9_10.mp4,9_19.mp4,11_16.mp4
9,9_10.mp4,9_20.mp4,5_19.mp4
9,9_11.mp4,9_12.mp4,14_08.mp4
9,9_11.mp4,9_13.mp4,7_19.mp4
9,9_11.mp4,9_14.mp4,15_19.mp4
9,9_11.mp4,9_15.mp4,12_08.mp4
9,9_11.mp4,9_16.mp4,3_18.mp4
9,9_11.mp4,9_17.mp4,3_10.mp4
9,9_11.mp4,9_18.mp4,9_01.mp4
9,9_11.mp4,9_19.mp4,13_19.mp4
9,9_11.mp4,9_20.mp4,7_19.mp4
9,9_12.mp4,9_13.mp4,10_20.mp4
9,9_12.mp4,9_14.mp4,10_01.mp4
9,9_12.mp4,9_15.mp4,9_07.mp4
9,9_12.mp4,9_16.mp4,15_17.mp4
9,9_12.mp4,9_17.mp4,7_09.mp4
9,9_12.mp4,9_18.mp4,11_05.mp4
9,9_12.mp4,9_19.mp4,14_19.mp4
9,9_12.mp4,9_20.mp4,5_03.mp4
9,9_13.mp4,9_14.mp4,4_19.mp4
9,9_13.mp4,9_15.mp4,6_10.mp4
9,9_13.mp4,9_16.mp4,4_12.mp4
9,9_13.mp4,9_17.mp4,1_14.mp4
9,9_13.mp4,9_18.mp4,10_01.mp4
9,9_13.mp4,9_19.mp4,4_19.mp4
9,9_13.mp4,9_20.mp4,14_11.mp4
9,9_14.mp4,9_15.mp4,6_06.mp4
9,9_14.mp4,9_16.mp4,8_18.mp4
9,9_14.mp4,9_17.mp4,14_09.mp4
9,9_14.mp4,9_18.mp4,13_04.mp4
9,9_14.mp4,9_19.mp4,13_15.mp4
9,9_14.mp4,9_20.mp4,15_11.mp4
9,9_15.mp4,9_16.mp4,8_09.mp4
9,9_15.mp4,9_17.mp4,5_15.mp4
9,9_15.mp4,9_18.mp4,7_17.mp4
9,9_15.mp4,9_19.mp4,10_01.mp4
9,9_15.mp4,9_20.mp4,7_05.mp4
9,9_16.mp4,9_17.mp4,2_18.mp4
9,9_16.mp4,9_18.mp4,6_16.mp4
9,9_16.mp4,9_19.mp4,15_03.mp4
9,9_16.mp4,9_20.mp4,2_06.mp4
9,9_17.mp4,9_18.mp4,11_01.mp4
9,9_17.mp4,9_19.mp4,7_16.mp4
9,9_17.mp4,9_20.mp4,2_12.mp4
9,9_18.mp4,9_19.mp4,15_07.mp4
9,9_18.mp4,9_20.mp4,7_14.mp4
9,9_19.mp4,9_20.mp4,3_12.mp4
